source_file,sample_id,A00,A01,A02,A03,A04,A05,A06,A07,A08,A09,A10,A11,A12,A13,A14,A15,A16,A17,A18,A19,A20,A21,A22,A23,A24,A25,A26,A27,A28,A29,A30,A31,A32,A33,A34,A35,A36,A37,A38,A39,A40,A41,A42,A43,A44,A45,A46,A47,A48,A49,A50,A51,A52,A53,A54,A55,A56,A57,A58,A59,A60,A61,A62,A63,sequencing_platform454Roche,sequencing_platformIllumina,sample_typerhizosphere_soil,sample_typesoil,sample_typetopsoil,primersAML1_AML2_then_AMV4_5NF_AMDGR,primersAML1_AML2_then_NS31_AM1,primersAML1_AML2_then_nu_SSU_0595_5__nu_SSU_0948_3_,primersAMV4_5F_AMDGR,primersAMV4_5NF_AMDGR,primersGeoA2_AML2_then_NS31_AMDGR,primersGeoA2_NS4_then_NS31_AML2,primersGlomerWT0_Glomer1536_then_NS31_AM1A_and_GlomerWT0_Glomer1536_then_NS31_AM1B,primersGlomerWT0_Glomer1536_then_NS31_AM1A__GlomerWT0_Glomer1536_then_NS31_AM1B,primersNS1_NS4_then_AML1_AML2,primersNS1_NS4_then_AMV4_5NF_AMDGR,primersNS1_NS4_then_NS31_AM1,primersNS1_NS41_then_AML1_AML2,primersNS31_AM1,primersNS31_AML2,primersWANDA_AML2,area_sampled,extraction_dna_mass,Resolve_Biome,arbuscular_mycorrhizal_richness,CV_Fold_Random,CV_Fold_Spatial,geometry,knndmw_CV_folds,Pixel_Long,Pixel_Lat,longitude,latitude,year_of_sampling,sequencing_platformIonTorrent,sequencing_platformPacBio,primers5_8S_Fun_ITS4_Fun,primersfITS7_ITS4,primersfITS9_ITS4,primersgITS7_ITS4,primersgITS7_ITS4_then_ITS9_ITS4,primersgITS7_ITS4_ITS4arch,primersgITS7_ITS4m,primersgITS7_ITS4ngs,primersgITS7ngs_ITS4ngsUni,primersITS_S2F___ITS3_mixed_1_1_ITS4,primersITS1_ITS4,primersITS1F_ITS4,primersITS1F_ITS4_then_fITS7_ITS4,primersITS1F_ITS4_then_ITS3_ITS4,primersITS1ngs_ITS4ngs_or_ITS1Fngs_ITS4ngs,primersITS3_KYO2_ITS4,primersITS3_ITS4,primersITS3ngs1_to_5___ITS3ngs10_ITS4ngs,primersITS3ngs1_to_ITS3ngs11_ITS4ngs,primersITS86F_ITS4,primersITS9MUNngs_ITS4ngsUni,ectomycorrhizal_richness
20260123_arbuscular_mycorrhizal_only_alphaearth_center.csv,S4539,0.1417301,-0.11909266,0.029773165,0.153787,0.153787,0.17937717,-0.022206843,0.004982699,0.08882737,0.0030142253,0.07111111,-0.11909266,-0.2069358,-0.19986159,0.07111111,0.2069358,0.02460592,0.027128028,-0.11374087,-0.09356401,0.013840831,0.06698962,0.0022145328,0.13588619,0.06299116,0.25196463,-0.14769705,0.103406385,0.17279507,0.10851211,0.019930797,-0.10851211,0.10851211,-0.14769705,-0.059115727,-0.06698962,-0.035432525,-0.022206843,-0.28444445,0.11909266,0.029773165,-0.21413302,0.21413302,-0.18608227,0.2069358,0.103406385,-0.03254133,-0.17937717,-0.00615148,-0.022206843,-0.12456747,0.035432525,-0.06698962,0.12456747,-0.017777778,-0.19291042,0.11909266,-0.017777778,0.035432525,-0.044844292,0.25196463,0.007443291,0.09842368,-0.06299116,0,1,0,1,0,0.0,0.0,0.0,0.0,0.0,0.0,0.0,0.0,0.0,0.0,0.0,0.0,0.0,0.0,0.0,1.0,100.0,2.0,12,3.371493893,4,5.0,-120.5791702|37.84583282,5,-120.5791702,37.84583282,-120.5802778,37.84888889,2012,,,,,,,,,,,,,,,,,,,,,,,,
20260123_arbuscular_mycorrhizal_only_alphaearth_center.csv,S5540,-0.03254133,-0.2364629,-0.0030142253,-0.06299116,-0.048227604,-0.11374087,-0.035432525,-0.103406385,-0.28444445,0.07972319,-0.059115727,-0.21413302,-0.017777778,-0.017777778,-0.18608227,0.103406385,-0.01574779,-0.17279507,0.11909266,-0.2214533,-0.03254133,0.029773165,-0.09842368,0.059115727,-0.08882737,-0.10851211,-0.08421376,-0.059115727,0.13016532,-0.035432525,-0.1417301,-0.00615148,0.09842368,-0.07972319,-0.017777778,0.16,0.055363324,0.21413302,-0.34602076,-0.029773165,-0.008858131,0.09842368,-0.16,-0.00615148,0.03254133,0.11909266,0.09842368,-0.17279507,0.044844292,-0.19291042,-0.01574779,-0.0039369473,0.075355634,0.24415225,0.004982699,0.03844675,-0.12456747,-0.153787,-0.22889657,0.007443291,0.11374087,-0.08882737,0.09842368,0.13016532,0,1,0,1,0,0.0,0.0,0.0,0.0,0.0,0.0,0.0,0.0,0.0,0.0,0.0,0.0,0.0,0.0,0.0,1.0,100.0,2.0,5,1.790925769,10,5.0,-120.6541672|40.67083359,5,-120.6541672,40.67083359,-120.6577778,40.66694444,2016,,,,,,,,,,,,,,,,,,,,,,,,
20260123_arbuscular_mycorrhizal_only_alphaearth_center.csv,S2386,0.08882737,-0.103406385,-0.17937717,0.08421376,0.03844675,-0.027128028,-0.03254133,0.18608227,0.3100961,-0.16633603,0.09356401,0.10851211,-0.18608227,-0.055363324,0.17279507,0.1417301,0.075355634,-0.055363324,-0.2214533,0.019930797,0.08421376,-0.1417301,-0.027128028,0.022206843,0.13588619,0.17937717,-0.075355634,0.01574779,0.09842368,0.17937717,-0.09842368,0.048227604,0.029773165,0.12456747,-0.09842368,-0.06299116,-0.075355634,0.035432525,-0.07972319,0.11374087,0.013840831,-0.14769705,0.24415225,-0.13016532,0.02460592,0.09842368,-0.03844675,0.18608227,0.07111111,-0.012056901,-0.010396002,-0.14769705,0.02460592,0.2069358,0.19291042,-0.09356401,0.055363324,-0.022206843,-0.010396002,0.09356401,0.29287198,-0.09842368,0.19986159,0.103406385,0,1,0,1,0,0.0,0.0,0.0,0.0,0.0,0.0,0.0,0.0,0.0,0.0,0.0,0.0,0.0,0.0,0.0,1.0,100.0,2.0,12,3.695085172,9,5.0,-122.2458344|37.87083435,5,-122.2458344,37.87083435,-122.2427778,37.87055556,2016,,,,,,,,,,,,,,,,,,,,,,,,
20260123_arbuscular_mycorrhizal_only_alphaearth_center.csv,S5553,0.18608227,0.19291042,0.012056901,0.07972319,0.02460592,-0.019930797,0.01574779,0.013840831,-0.25990003,-0.007443291,0.153787,0.044844292,-0.24415225,-0.11374087,0.13016532,0.029773165,0.17937717,0.11909266,0.25196463,0.103406385,-0.0022145328,-0.12456747,-0.19986159,-0.00153787,-0.09356401,0.08882737,-0.16633603,-0.1417301,0.19986159,0.07972319,0.09842368,-0.09842368,0.09842368,-0.2069358,-0.09356401,0.06299116,-0.017777778,-0.017777778,-0.3100961,0.09356401,0.25990003,-0.09842368,0.048227604,-0.08421376,0.08882737,0.03844675,0.06698962,0.010396002,-0.055363324,0.059115727,-0.11374087,-0.017777778,0.09356401,-0.10851211,0.11374087,0.11909266,-0.004982699,-0.048227604,0.022206843,-0.29287198,-0.048227604,-0.007443291,-0.03844675,-0.0005536332,0,1,0,1,0,0.0,0.0,0.0,0.0,0.0,0.0,0.0,0.0,0.0,0.0,0.0,0.0,0.0,0.0,0.0,1.0,100.0,5.0,13,1.791759469,1,10.0,-116.3791656|33.65416718,10,-116.3791656,33.65416718,-116.375,33.65055556,2019,,,,,,,,,,,,,,,,,,,,,,,,
20260123_arbuscular_mycorrhizal_only_alphaearth_center.csv,S1128,0.06299116,-0.048227604,0.01574779,-0.02460592,0.008858131,0.010396002,0.06698962,-0.05173395,0.06299116,-0.153787,0.0030142253,-0.08421376,-0.27613994,-0.13588619,0.055363324,0.11374087,-0.1417301,0.103406385,-0.13588619,-0.14769705,-0.02460592,0.16633603,-0.048227604,0.16,0.00615148,0.01574779,-0.103406385,0.153787,0.21413302,0.035432525,0.153787,-0.10851211,0.18608227,6.15148e-05,-0.13588619,0.035432525,0.17937717,0.075355634,-0.13016532,0.10851211,0.17279507,-0.25196463,0.22889657,-0.2069358,0.055363324,-0.027128028,0.048227604,-0.075355634,-0.06698962,-0.22889657,-0.013840831,-0.022206843,0.18608227,-0.029773165,-0.075355634,-0.153787,-0.06698962,-0.13016532,-0.13588619,-0.017777778,0.2069358,0.0009842368,0.25196463,0.035432525,0,1,0,1,0,0.0,0.0,0.0,0.0,0.0,0.0,0.0,0.0,0.0,0.0,0.0,0.0,0.0,0.0,0.0,1.0,100.0,5.0,12,3.663561646,9,10.0,-117.2458344|33.52916718,10,-117.2458344,33.52916718,-117.2491667,33.53194444,2019,,,,,,,,,,,,,,,,,,,,,,,,
20260123_ectomycorrhizal_only_alphaearth_center.csv,S003507,0.18608227,0.06299116,-0.14769705,0.01574779,0.11374087,0.013840831,0.03254133,0.27613994,0.18608227,-0.035432525,-0.05173395,0.07972319,-0.19986159,0.027128028,0.14769705,0.12456747,-0.18608227,-0.013840831,0.05173395,0.103406385,0.08882737,0.13588619,-0.027128028,0.03254133,0.14769705,0.21413302,-0.25990003,0.02460592,0.10851211,0.0030142253,0.06698962,0.06698962,-0.059115727,0.06299116,-0.06698962,-0.027128028,-0.044844292,0.019930797,-0.07972319,0.11909266,-0.07111111,0.022206843,0.2214533,-0.11374087,-0.019930797,0.18608227,-0.09842368,-0.01574779,-0.004982699,-0.12456747,-0.13016532,-0.11909266,0.25196463,0.12456747,-0.048227604,-0.11909266,0.02460592,0.17279507,-0.16633603,0.022206843,0.3100961,-0.19986159,0.08421376,-0.044844292,1,0,0,1,0,,,,,,,,,,,,,,,,,0.005,0.2,5,,9,,-122.8874969|38.09583282,4,-122.8874969,38.09583282,-122.89019,38.09925,2012.0,0.0,0.0,0.0,0.0,0.0,0.0,0.0,0.0,0.0,0.0,0.0,0.0,0.0,1.0,0.0,0.0,0.0,0.0,0.0,0.0,0.0,0.0,0.0,0.0
20260123_ectomycorrhizal_only_alphaearth_center.csv,S003034,0.103406385,0.03254133,-0.048227604,0.12456747,0.08882737,0.013840831,0.044844292,-0.055363324,0.055363324,-0.13588619,-0.044844292,-0.059115727,-0.24415225,-0.13588619,0.09356401,0.13588619,-0.022206843,-0.03254133,-0.153787,0.03844675,-0.13016532,-0.17279507,0.09842368,0.06698962,0.21413302,0.2214533,-0.19986159,-0.13016532,0.2214533,0.044844292,-0.11374087,0.12456747,0.16,0.08421376,0.029773165,-0.075355634,0.05173395,0.12456747,-0.28444445,0.07111111,0.055363324,-0.022206843,0.055363324,-0.22889657,0.2069358,0.24415225,-0.01574779,-0.08421376,0.008858131,0.041584007,0.13588619,0.017777778,0.1417301,0.2214533,0.03254133,-0.027128028,-0.007443291,-0.16,0.0030142253,-0.07972319,0.21413302,0.029773165,0.153787,-0.010396002,1,0,0,1,0,,,,,,,,,,,,,,,,,0.005,0.2,5,,9,,-119.9375|37.84583282,4,-119.9375,37.84583282,-119.93833,37.84261,2011.0,0.0,0.0,0.0,0.0,0.0,0.0,0.0,0.0,0.0,0.0,0.0,0.0,0.0,1.0,0.0,0.0,0.0,0.0,0.0,0.0,0.0,0.0,0.0,0.6931471806
20260123_ectomycorrhizal_only_alphaearth_center.csv,S003023,0.103406385,0.03254133,-0.048227604,0.12456747,0.08882737,0.013840831,0.044844292,-0.055363324,0.055363324,-0.13588619,-0.044844292,-0.059115727,-0.24415225,-0.13588619,0.09356401,0.13588619,-0.022206843,-0.03254133,-0.153787,0.03844675,-0.13016532,-0.17279507,0.09842368,0.06698962,0.21413302,0.2214533,-0.19986159,-0.13016532,0.2214533,0.044844292,-0.11374087,0.12456747,0.16,0.08421376,0.029773165,-0.075355634,0.05173395,0.12456747,-0.28444445,0.07111111,0.055363324,-0.022206843,0.055363324,-0.22889657,0.2069358,0.24415225,-0.01574779,-0.08421376,0.008858131,0.041584007,0.13588619,0.017777778,0.1417301,0.2214533,0.03254133,-0.027128028,-0.007443291,-0.16,0.0030142253,-0.07972319,0.21413302,0.029773165,0.153787,-0.010396002,1,0,0,1,0,,,,,,,,,,,,,,,,,0.005,0.2,5,,7,,-119.9375|37.84583282,4,-119.9375,37.84583282,-119.93833,37.84261,2011.0,0.0,0.0,0.0,0.0,0.0,0.0,0.0,0.0,0.0,0.0,0.0,0.0,0.0,1.0,0.0,0.0,0.0,0.0,0.0,0.0,0.0,0.0,0.0,0.0
20260123_ectomycorrhizal_only_alphaearth_center.csv,S003062,0.11909266,-0.16,-0.103406385,0.048227604,0.09842368,-0.02460592,0.055363324,0.027128028,-0.035432525,0.027128028,0.00615148,0.19291042,-0.09842368,0.004982699,-0.07111111,0.103406385,-0.022206843,0.06299116,0.18608227,-0.19291042,0.13016532,-0.11909266,0.11909266,-0.24415225,-0.075355634,0.153787,-0.2679585,0.044844292,0.09356401,-0.019930797,0.06299116,0.16633603,0.14769705,0.075355634,0.013840831,-0.08882737,-0.012056901,0.19291042,-0.16,-0.055363324,-0.07972319,0.10851211,-0.09842368,0.012056901,-0.055363324,0.08421376,-0.06698962,-0.11374087,-0.09356401,-0.11909266,0.13588619,-0.044844292,-0.007443291,0.31889275,0.29287198,0.059115727,-0.08421376,-0.12456747,0.02460592,-0.2214533,0.13588619,0.14769705,0.153787,0.09842368,1,0,0,1,0,,,,,,,,,,,,,,,,,0.005,0.2,5,,9,,-119.4875031|37.8125,4,-119.4875031,37.8125,-119.49117,37.80889,2012.0,0.0,0.0,0.0,0.0,0.0,0.0,0.0,0.0,0.0,0.0,0.0,0.0,0.0,1.0,0.0,0.0,0.0,0.0,0.0,0.0,0.0,0.0,0.0,0.6931471806
20260123_ectomycorrhizal_only_alphaearth_center.csv,FMS22933v2,0.19986159,-0.044844292,-0.11909266,-0.022206843,0.08882737,0.09842368,0.007443291,0.19986159,0.11909266,-0.007443291,-0.075355634,0.044844292,-0.17279507,0.13016532,0.017777778,0.1417301,-0.09842368,-0.03254133,0.31889275,-0.11909266,0.13016532,-0.11374087,0.103406385,-0.03254133,0.08882737,0.1417301,-0.25990003,0.0022145328,-0.010396002,-0.02460592,-0.0039369473,0.02460592,-0.06299116,0.017777778,-0.008858131,-0.041584007,-0.19986159,0.00153787,-0.11909266,-0.03844675,-0.19291042,0.0022145328,0.13588619,-0.103406385,-0.035432525,0.2069358,-0.2069358,-0.01574779,-0.0009842368,-0.05173395,-0.03844675,-0.12456747,0.09356401,0.2679585,0.14769705,0.022206843,-0.09842368,0.25196463,-0.11909266,-0.03254133,0.30142254,-0.0039369473,0.103406385,-0.004982699,1,0,0,1,0,,,,,,,,,,,,,,,,,100.0,0.5,5,,4,,-120.7791672|39.26250076,4,-120.7791672,39.26250076,-120.78,39.26,2011.0,0.0,0.0,0.0,0.0,0.0,0.0,0.0,0.0,0.0,0.0,0.0,0.0,0.0,0.0,0.0,0.0,0.0,0.0,1.0,0.0,0.0,0.0,0.0,4.556473535
20260123_ectomycorrhizal_only_alphaearth_center.csv,S003121,0.035432525,-0.14769705,-0.06299116,0.11374087,0.07972319,-0.13016532,-0.059115727,0.07972319,-0.03254133,0.07111111,-0.08882737,0.24415225,-0.022206843,-0.06698962,-0.14769705,0.12456747,-0.09356401,0.09356401,0.11374087,0.004982699,0.11374087,-0.059115727,0.16633603,-0.12456747,-0.08421376,0.0022145328,-0.16,0.044844292,-0.02460592,0.00615148,0.1417301,0.13588619,0.153787,-0.03254133,-0.03844675,0.044844292,0.07111111,0.059115727,-0.18608227,0.022206843,-0.2214533,0.22889657,-0.2069358,-0.055363324,-0.027128028,0.2679585,-0.08882737,-0.1417301,-0.19291042,-0.1417301,0.103406385,-0.008858131,0.059115727,0.22889657,0.2214533,0.010396002,-0.2069358,-0.13588619,-0.075355634,-0.13588619,0.017777778,0.2364629,-0.041584007,-0.06299116,1,0,0,1,0,,,,,,,,,,,,,,,,,0.005,0.2,5,,6,,-119.2624969|37.91249847,4,-119.2624969,37.91249847,-119.26342,37.91069,2012.0,0.0,0.0,0.0,0.0,0.0,0.0,0.0,0.0,0.0,0.0,0.0,0.0,0.0,1.0,0.0,0.0,0.0,0.0,0.0,0.0,0.0,0.0,0.0,0.6931471806
20260123_ectomycorrhizal_only_alphaearth_center.csv,S003044,0.16633603,0.012056901,-0.12456747,0.11374087,0.103406385,0.06698962,0.017777778,-0.03844675,0.10851211,-0.075355634,-0.01574779,-0.044844292,-0.2364629,-0.13016532,0.08421376,0.11909266,-0.027128028,-0.029773165,-0.103406385,0.08882737,-0.103406385,-0.09842368,0.048227604,0.11909266,0.13016532,0.1417301,-0.21413302,-0.1417301,0.2679585,0.004982699,-0.08882737,0.08882737,0.08882737,0.03844675,0.0005536332,-0.004982699,0.0039369473,0.08882737,-0.24415225,-0.09356401,0.059115727,0.022206843,0.08421376,-0.16633603,0.16,0.32781237,0.041584007,-0.19291042,-0.07972319,-0.019930797,0.05173395,0.06698962,0.16633603,0.25196463,0.075355634,-0.075355634,-0.08882737,-0.103406385,0.055363324,-0.14769705,0.25196463,-0.022206843,0.16633603,-0.13016532,1,0,0,1,0,,,,,,,,,,,,,,,,,0.005,0.2,5,,2,,-119.9124985|37.8125,4,-119.9124985,37.8125,-119.91283,37.81261,2011.0,0.0,0.0,0.0,0.0,0.0,0.0,0.0,0.0,0.0,0.0,0.0,0.0,0.0,1.0,0.0,0.0,0.0,0.0,0.0,0.0,0.0,0.0,0.0,0.6931471806
20260123_ectomycorrhizal_only_alphaearth_center.csv,FMS22812v2,0.10851211,-0.07972319,-0.19291042,0.07111111,0.055363324,0.00615148,-0.059115727,0.17279507,0.09356401,-0.07972319,0.08421376,0.06299116,-0.14769705,0.041584007,0.1417301,0.07111111,0.09842368,-0.07111111,0.029773165,-0.017777778,0.08882737,-0.2214533,0.0030142253,0.06299116,0.2214533,0.06698962,-0.16,-0.06299116,-0.041584007,0.029773165,-0.035432525,0.07972319,0.07111111,0.019930797,-0.09356401,-0.13016532,-0.18608227,0.13016532,-0.059115727,0.027128028,-0.2069358,-0.11374087,0.16,-0.07111111,0.03254133,0.28444445,-0.029773165,0.075355634,0.13016532,0.09842368,-0.0022145328,-0.16633603,-0.0002460592,0.25196463,0.3100961,0.11909266,-0.06299116,0.059115727,-0.11909266,-0.10851211,0.3100961,0.029773165,0.17937717,0.08421376,1,0,0,1,0,,,,,,,,,,,,,,,,,100.0,0.5,5,,5,,-121.0374985|39.55416489,4,-121.0374985,39.55416489,-121.04,39.55,2011.0,0.0,0.0,0.0,0.0,0.0,0.0,0.0,0.0,0.0,0.0,0.0,0.0,0.0,0.0,0.0,0.0,0.0,0.0,1.0,0.0,0.0,0.0,0.0,4.584896009
20260123_ectomycorrhizal_only_alphaearth_center.csv,FMS22930v2,0.19986159,-0.044844292,-0.11909266,-0.022206843,0.08882737,0.09842368,0.007443291,0.19986159,0.11909266,-0.007443291,-0.075355634,0.044844292,-0.17279507,0.13016532,0.017777778,0.1417301,-0.09842368,-0.03254133,0.31889275,-0.11909266,0.13016532,-0.11374087,0.103406385,-0.03254133,0.08882737,0.1417301,-0.25990003,0.0022145328,-0.010396002,-0.02460592,-0.0039369473,0.02460592,-0.06299116,0.017777778,-0.008858131,-0.041584007,-0.19986159,0.00153787,-0.11909266,-0.03844675,-0.19291042,0.0022145328,0.13588619,-0.103406385,-0.035432525,0.2069358,-0.2069358,-0.01574779,-0.0009842368,-0.05173395,-0.03844675,-0.12456747,0.09356401,0.2679585,0.14769705,0.022206843,-0.09842368,0.25196463,-0.11909266,-0.03254133,0.30142254,-0.0039369473,0.103406385,-0.004982699,1,0,0,1,0,,,,,,,,,,,,,,,,,100.0,0.5,5,,9,,-120.7791672|39.26250076,4,-120.7791672,39.26250076,-120.78,39.26,2011.0,0.0,0.0,0.0,0.0,0.0,0.0,0.0,0.0,0.0,0.0,0.0,0.0,0.0,0.0,0.0,0.0,0.0,0.0,1.0,0.0,0.0,0.0,0.0,4.479153387
20260123_ectomycorrhizal_only_alphaearth_center.csv,FMS22816v2,0.10851211,-0.07972319,-0.19291042,0.07111111,0.055363324,0.00615148,-0.059115727,0.17279507,0.09356401,-0.07972319,0.08421376,0.06299116,-0.14769705,0.041584007,0.1417301,0.07111111,0.09842368,-0.07111111,0.029773165,-0.017777778,0.08882737,-0.2214533,0.0030142253,0.06299116,0.2214533,0.06698962,-0.16,-0.06299116,-0.041584007,0.029773165,-0.035432525,0.07972319,0.07111111,0.019930797,-0.09356401,-0.13016532,-0.18608227,0.13016532,-0.059115727,0.027128028,-0.2069358,-0.11374087,0.16,-0.07111111,0.03254133,0.28444445,-0.029773165,0.075355634,0.13016532,0.09842368,-0.0022145328,-0.16633603,-0.0002460592,0.25196463,0.3100961,0.11909266,-0.06299116,0.059115727,-0.11909266,-0.10851211,0.3100961,0.029773165,0.17937717,0.08421376,1,0,0,1,0,,,,,,,,,,,,,,,,,100.0,0.5,5,,9,,-121.0374985|39.55416489,4,-121.0374985,39.55416489,-121.04,39.55,2011.0,0.0,0.0,0.0,0.0,0.0,0.0,0.0,0.0,0.0,0.0,0.0,0.0,0.0,0.0,0.0,0.0,0.0,0.0,1.0,0.0,0.0,0.0,0.0,4.395448671
20260123_ectomycorrhizal_only_alphaearth_center.csv,FMS17343v2,0.16,0.2214533,0.03254133,0.19986159,0.05173395,0.048227604,-0.017777778,0.09842368,-0.059115727,-0.055363324,0.10851211,-0.13588619,-0.24415225,-0.13588619,0.11374087,0.08882737,-0.010396002,-0.0030142253,0.25196463,-0.09356401,-0.01574779,-0.11374087,-0.059115727,0.03254133,-0.16633603,0.2364629,0.017777778,-0.06299116,0.048227604,0.103406385,0.09356401,-0.03844675,0.10851211,-0.19986159,0.059115727,-0.08421376,0.027128028,-0.019930797,-0.25196463,0.03254133,0.37425604,-0.07972319,0.16,-0.2214533,0.029773165,0.153787,0.11909266,-0.06698962,-0.07111111,-0.16633603,-0.1417301,-0.027128028,0.03844675,-0.05173395,0.08882737,0.103406385,-0.11909266,-0.12456747,-0.03254133,-0.12456747,0.0009842368,0.055363324,0.14769705,0.019930797,0,1,0,1,0,,,,,,,,,,,,,,,,,100.0,0.5,13,,5,,-115.7958298|33.75416565,6,-115.7958298,33.75416565,-115.79572,33.754262,2009.0,0.0,0.0,0.0,1.0,0.0,0.0,0.0,0.0,0.0,0.0,0.0,0.0,0.0,0.0,0.0,0.0,0.0,0.0,0.0,0.0,0.0,0.0,0.0,2.704510581
20260123_ectomycorrhizal_only_alphaearth_center.csv,S003502,0.18608227,0.06299116,-0.14769705,0.01574779,0.11374087,0.013840831,0.03254133,0.27613994,0.18608227,-0.035432525,-0.05173395,0.07972319,-0.19986159,0.027128028,0.14769705,0.12456747,-0.18608227,-0.013840831,0.05173395,0.103406385,0.08882737,0.13588619,-0.027128028,0.03254133,0.14769705,0.21413302,-0.25990003,0.02460592,0.10851211,0.0030142253,0.06698962,0.06698962,-0.059115727,0.06299116,-0.06698962,-0.027128028,-0.044844292,0.019930797,-0.07972319,0.11909266,-0.07111111,0.022206843,0.2214533,-0.11374087,-0.019930797,0.18608227,-0.09842368,-0.01574779,-0.004982699,-0.12456747,-0.13016532,-0.11909266,0.25196463,0.12456747,-0.048227604,-0.11909266,0.02460592,0.17279507,-0.16633603,0.022206843,0.3100961,-0.19986159,0.08421376,-0.044844292,1,0,0,1,0,,,,,,,,,,,,,,,,,0.005,0.2,5,,10,,-122.8874969|38.09583282,4,-122.8874969,38.09583282,-122.89019,38.09925,2012.0,0.0,0.0,0.0,0.0,0.0,0.0,0.0,0.0,0.0,0.0,0.0,0.0,0.0,1.0,0.0,0.0,0.0,0.0,0.0,0.0,0.0,0.0,0.0,0.6931471806
20260123_ectomycorrhizal_only_alphaearth_center.csv,FMS22823v2,0.10851211,-0.07972319,-0.19291042,0.07111111,0.055363324,0.00615148,-0.059115727,0.17279507,0.09356401,-0.07972319,0.08421376,0.06299116,-0.14769705,0.041584007,0.1417301,0.07111111,0.09842368,-0.07111111,0.029773165,-0.017777778,0.08882737,-0.2214533,0.0030142253,0.06299116,0.2214533,0.06698962,-0.16,-0.06299116,-0.041584007,0.029773165,-0.035432525,0.07972319,0.07111111,0.019930797,-0.09356401,-0.13016532,-0.18608227,0.13016532,-0.059115727,0.027128028,-0.2069358,-0.11374087,0.16,-0.07111111,0.03254133,0.28444445,-0.029773165,0.075355634,0.13016532,0.09842368,-0.0022145328,-0.16633603,-0.0002460592,0.25196463,0.3100961,0.11909266,-0.06299116,0.059115727,-0.11909266,-0.10851211,0.3100961,0.029773165,0.17937717,0.08421376,1,0,0,1,0,,,,,,,,,,,,,,,,,100.0,0.5,5,,5,,-121.0374985|39.55416489,4,-121.0374985,39.55416489,-121.04,39.55,2011.0,0.0,0.0,0.0,0.0,0.0,0.0,0.0,0.0,0.0,0.0,0.0,0.0,0.0,0.0,0.0,0.0,0.0,0.0,1.0,0.0,0.0,0.0,0.0,3.533628201
20260123_ectomycorrhizal_only_alphaearth_center.csv,S003096,0.14769705,-0.25196463,-0.05173395,-0.017777778,0.01574779,0.019930797,0.01574779,0.07111111,-0.075355634,0.13016532,0.09842368,0.16,-0.027128028,0.029773165,0.0022145328,0.103406385,-0.075355634,0.08421376,0.2364629,-0.21413302,0.08421376,-0.14769705,0.09842368,-0.19291042,-0.013840831,0.027128028,-0.34602076,0.103406385,0.055363324,-0.041584007,0.044844292,0.13588619,0.06698962,0.048227604,0.029773165,-0.03844675,-0.019930797,0.13588619,-0.19291042,-0.07111111,-0.21413302,0.09356401,-0.13016532,0.103406385,-0.11909266,0.13016532,-0.16,-0.19291042,0.0022145328,-0.06698962,0.03844675,-0.06698962,0.022206843,0.25196463,0.27613994,0.06299116,-0.11909266,-0.019930797,-0.12456747,-0.08421376,0.12456747,0.12456747,0.13588619,0.010396002,1,0,0,1,0,,,,,,,,,,,,,,,,,0.005,0.2,5,,4,,-119.4375|37.85416794,4,-119.4375,37.85416794,-119.44064,37.85158,2012.0,0.0,0.0,0.0,0.0,0.0,0.0,0.0,0.0,0.0,0.0,0.0,0.0,0.0,1.0,0.0,0.0,0.0,0.0,0.0,0.0,0.0,0.0,0.0,0.6931471806
20260123_ectomycorrhizal_only_alphaearth_center.csv,FMS22830v2,0.10851211,-0.07972319,-0.19291042,0.07111111,0.055363324,0.00615148,-0.059115727,0.17279507,0.09356401,-0.07972319,0.08421376,0.06299116,-0.14769705,0.041584007,0.1417301,0.07111111,0.09842368,-0.07111111,0.029773165,-0.017777778,0.08882737,-0.2214533,0.0030142253,0.06299116,0.2214533,0.06698962,-0.16,-0.06299116,-0.041584007,0.029773165,-0.035432525,0.07972319,0.07111111,0.019930797,-0.09356401,-0.13016532,-0.18608227,0.13016532,-0.059115727,0.027128028,-0.2069358,-0.11374087,0.16,-0.07111111,0.03254133,0.28444445,-0.029773165,0.075355634,0.13016532,0.09842368,-0.0022145328,-0.16633603,-0.0002460592,0.25196463,0.3100961,0.11909266,-0.06299116,0.059115727,-0.11909266,-0.10851211,0.3100961,0.029773165,0.17937717,0.08421376,1,0,0,1,0,,,,,,,,,,,,,,,,,100.0,0.5,5,,10,,-121.0374985|39.55416489,4,-121.0374985,39.55416489,-121.04,39.55,2011.0,0.0,0.0,0.0,0.0,0.0,0.0,0.0,0.0,0.0,0.0,0.0,0.0,0.0,0.0,0.0,0.0,0.0,0.0,1.0,0.0,0.0,0.0,0.0,4.800950758
20260123_ectomycorrhizal_only_alphaearth_center.csv,S003517,0.1417301,0.044844292,-0.17937717,0.103406385,0.12456747,0.05173395,-0.017777778,0.12456747,0.32781237,-0.06698962,-0.029773165,0.09356401,-0.2069358,-0.055363324,0.022206843,0.18608227,-0.103406385,0.05173395,0.03844675,0.044844292,0.10851211,0.1417301,0.017777778,0.09842368,0.044844292,0.30142254,-0.25196463,0.044844292,0.17937717,0.03254133,-6.15148e-05,0.05173395,-0.007443291,0.08882737,-0.03254133,-0.035432525,-0.08421376,0.03844675,-0.103406385,0.10851211,0.07111111,-0.06698962,0.19986159,-0.09842368,0.05173395,0.06698962,-0.14769705,-0.041584007,0.01574779,-0.11909266,-0.13588619,-0.09356401,0.16633603,0.18608227,-0.103406385,-0.19986159,0.08882737,0.153787,-0.12456747,-0.07111111,0.30142254,-0.10851211,0.08421376,-0.007443291,1,0,0,1,0,,,,,,,,,,,,,,,,,0.005,0.2,5,,6,,-122.8958359|38.12083435,4,-122.8958359,38.12083435,-122.89653,38.12031,2012.0,0.0,0.0,0.0,0.0,0.0,0.0,0.0,0.0,0.0,0.0,0.0,0.0,0.0,1.0,0.0,0.0,0.0,0.0,0.0,0.0,0.0,0.0,0.0,0.0
20260123_ectomycorrhizal_only_alphaearth_center.csv,S003527,0.1417301,0.044844292,-0.17937717,0.103406385,0.12456747,0.05173395,-0.017777778,0.12456747,0.32781237,-0.06698962,-0.029773165,0.09356401,-0.2069358,-0.055363324,0.022206843,0.18608227,-0.103406385,0.05173395,0.03844675,0.044844292,0.10851211,0.1417301,0.017777778,0.09842368,0.044844292,0.30142254,-0.25196463,0.044844292,0.17937717,0.03254133,-6.15148e-05,0.05173395,-0.007443291,0.08882737,-0.03254133,-0.035432525,-0.08421376,0.03844675,-0.103406385,0.10851211,0.07111111,-0.06698962,0.19986159,-0.09842368,0.05173395,0.06698962,-0.14769705,-0.041584007,0.01574779,-0.11909266,-0.13588619,-0.09356401,0.16633603,0.18608227,-0.103406385,-0.19986159,0.08882737,0.153787,-0.12456747,-0.07111111,0.30142254,-0.10851211,0.08421376,-0.007443291,1,0,0,1,0,,,,,,,,,,,,,,,,,0.005,0.2,5,,10,,-122.8958359|38.12083435,4,-122.8958359,38.12083435,-122.89653,38.12031,2012.0,0.0,0.0,0.0,0.0,0.0,0.0,0.0,0.0,0.0,0.0,0.0,0.0,0.0,1.0,0.0,0.0,0.0,0.0,0.0,0.0,0.0,0.0,0.0,0.6931471806
20260123_ectomycorrhizal_only_alphaearth_center.csv,FMS22937v2,0.19986159,-0.044844292,-0.11909266,-0.022206843,0.08882737,0.09842368,0.007443291,0.19986159,0.11909266,-0.007443291,-0.075355634,0.044844292,-0.17279507,0.13016532,0.017777778,0.1417301,-0.09842368,-0.03254133,0.31889275,-0.11909266,0.13016532,-0.11374087,0.103406385,-0.03254133,0.08882737,0.1417301,-0.25990003,0.0022145328,-0.010396002,-0.02460592,-0.0039369473,0.02460592,-0.06299116,0.017777778,-0.008858131,-0.041584007,-0.19986159,0.00153787,-0.11909266,-0.03844675,-0.19291042,0.0022145328,0.13588619,-0.103406385,-0.035432525,0.2069358,-0.2069358,-0.01574779,-0.0009842368,-0.05173395,-0.03844675,-0.12456747,0.09356401,0.2679585,0.14769705,0.022206843,-0.09842368,0.25196463,-0.11909266,-0.03254133,0.30142254,-0.0039369473,0.103406385,-0.004982699,1,0,0,1,0,,,,,,,,,,,,,,,,,100.0,0.5,5,,10,,-120.7791672|39.26250076,4,-120.7791672,39.26250076,-120.78,39.26,2011.0,0.0,0.0,0.0,0.0,0.0,0.0,0.0,0.0,0.0,0.0,0.0,0.0,0.0,0.0,0.0,0.0,0.0,0.0,1.0,0.0,0.0,0.0,0.0,4.905200742
20260123_ectomycorrhizal_only_alphaearth_center.csv,FMS22929v2,0.19986159,-0.044844292,-0.11909266,-0.022206843,0.08882737,0.09842368,0.007443291,0.19986159,0.11909266,-0.007443291,-0.075355634,0.044844292,-0.17279507,0.13016532,0.017777778,0.1417301,-0.09842368,-0.03254133,0.31889275,-0.11909266,0.13016532,-0.11374087,0.103406385,-0.03254133,0.08882737,0.1417301,-0.25990003,0.0022145328,-0.010396002,-0.02460592,-0.0039369473,0.02460592,-0.06299116,0.017777778,-0.008858131,-0.041584007,-0.19986159,0.00153787,-0.11909266,-0.03844675,-0.19291042,0.0022145328,0.13588619,-0.103406385,-0.035432525,0.2069358,-0.2069358,-0.01574779,-0.0009842368,-0.05173395,-0.03844675,-0.12456747,0.09356401,0.2679585,0.14769705,0.022206843,-0.09842368,0.25196463,-0.11909266,-0.03254133,0.30142254,-0.0039369473,0.103406385,-0.004982699,1,0,0,1,0,,,,,,,,,,,,,,,,,100.0,0.5,5,,4,,-120.7791672|39.26250076,4,-120.7791672,39.26250076,-120.78,39.26,2011.0,0.0,0.0,0.0,0.0,0.0,0.0,0.0,0.0,0.0,0.0,0.0,0.0,0.0,0.0,0.0,0.0,0.0,0.0,1.0,0.0,0.0,0.0,0.0,3.337795977
20260123_ectomycorrhizal_only_alphaearth_center.csv,S003019,0.103406385,0.03254133,-0.048227604,0.12456747,0.08882737,0.013840831,0.044844292,-0.055363324,0.055363324,-0.13588619,-0.044844292,-0.059115727,-0.24415225,-0.13588619,0.09356401,0.13588619,-0.022206843,-0.03254133,-0.153787,0.03844675,-0.13016532,-0.17279507,0.09842368,0.06698962,0.21413302,0.2214533,-0.19986159,-0.13016532,0.2214533,0.044844292,-0.11374087,0.12456747,0.16,0.08421376,0.029773165,-0.075355634,0.05173395,0.12456747,-0.28444445,0.07111111,0.055363324,-0.022206843,0.055363324,-0.22889657,0.2069358,0.24415225,-0.01574779,-0.08421376,0.008858131,0.041584007,0.13588619,0.017777778,0.1417301,0.2214533,0.03254133,-0.027128028,-0.007443291,-0.16,0.0030142253,-0.07972319,0.21413302,0.029773165,0.153787,-0.010396002,1,0,0,1,0,,,,,,,,,,,,,,,,,0.005,0.2,5,,9,,-119.9375|37.84583282,4,-119.9375,37.84583282,-119.93833,37.84261,2011.0,0.0,0.0,0.0,0.0,0.0,0.0,0.0,0.0,0.0,0.0,0.0,0.0,0.0,1.0,0.0,0.0,0.0,0.0,0.0,0.0,0.0,0.0,0.0,1.386294361
20260123_ectomycorrhizal_only_alphaearth_center.csv,FMS22934v2,0.19986159,-0.044844292,-0.11909266,-0.022206843,0.08882737,0.09842368,0.007443291,0.19986159,0.11909266,-0.007443291,-0.075355634,0.044844292,-0.17279507,0.13016532,0.017777778,0.1417301,-0.09842368,-0.03254133,0.31889275,-0.11909266,0.13016532,-0.11374087,0.103406385,-0.03254133,0.08882737,0.1417301,-0.25990003,0.0022145328,-0.010396002,-0.02460592,-0.0039369473,0.02460592,-0.06299116,0.017777778,-0.008858131,-0.041584007,-0.19986159,0.00153787,-0.11909266,-0.03844675,-0.19291042,0.0022145328,0.13588619,-0.103406385,-0.035432525,0.2069358,-0.2069358,-0.01574779,-0.0009842368,-0.05173395,-0.03844675,-0.12456747,0.09356401,0.2679585,0.14769705,0.022206843,-0.09842368,0.25196463,-0.11909266,-0.03254133,0.30142254,-0.0039369473,0.103406385,-0.004982699,1,0,0,1,0,,,,,,,,,,,,,,,,,100.0,0.5,5,,1,,-120.7791672|39.26250076,4,-120.7791672,39.26250076,-120.78,39.26,2011.0,0.0,0.0,0.0,0.0,0.0,0.0,0.0,0.0,0.0,0.0,0.0,0.0,0.0,0.0,0.0,0.0,0.0,0.0,1.0,0.0,0.0,0.0,0.0,4.326157094
20260123_ectomycorrhizal_only_alphaearth_center.csv,GF4T1270otu,0.09842368,-0.2214533,-0.041584007,0.019930797,0.103406385,-0.07111111,-0.01574779,0.11909266,-0.103406385,0.05173395,0.22889657,0.059115727,-0.07111111,-0.07111111,0.10851211,-0.08882737,0.153787,-0.059115727,-0.07111111,0.00153787,0.06299116,-0.19986159,-0.00615148,0.075355634,0.11909266,-0.12456747,-0.22889657,-0.03844675,0.08421376,0.048227604,-0.09842368,-0.022206843,0.09842368,0.06299116,-0.07972319,-0.08421376,0.07111111,0.13588619,-0.18608227,-0.0009842368,-0.2069358,-0.07972319,0.07972319,0.01574779,-0.11374087,0.3100961,0.055363324,-0.12456747,0.05173395,0.11374087,-0.17937717,-0.044844292,0.10851211,0.2679585,0.19986159,0.09356401,-0.3100961,-0.14769705,-0.05173395,-0.12456747,0.14769705,-0.027128028,0.10851211,0.09356401,0,0,0,1,0,,,,,,,,,,,,,,,,,2500.0,2.0,5,,9,,-119.5541687|37.75416565,4,-119.5541687,37.75416565,-119.55,37.75,2013.0,0.0,1.0,0.0,0.0,0.0,0.0,0.0,0.0,0.0,0.0,0.0,0.0,0.0,0.0,0.0,0.0,0.0,0.0,0.0,0.0,0.0,0.0,1.0,5.830667659
20260123_ectomycorrhizal_only_alphaearth_center.csv,FMS22828v2,0.10851211,-0.07972319,-0.19291042,0.07111111,0.055363324,0.00615148,-0.059115727,0.17279507,0.09356401,-0.07972319,0.08421376,0.06299116,-0.14769705,0.041584007,0.1417301,0.07111111,0.09842368,-0.07111111,0.029773165,-0.017777778,0.08882737,-0.2214533,0.0030142253,0.06299116,0.2214533,0.06698962,-0.16,-0.06299116,-0.041584007,0.029773165,-0.035432525,0.07972319,0.07111111,0.019930797,-0.09356401,-0.13016532,-0.18608227,0.13016532,-0.059115727,0.027128028,-0.2069358,-0.11374087,0.16,-0.07111111,0.03254133,0.28444445,-0.029773165,0.075355634,0.13016532,0.09842368,-0.0022145328,-0.16633603,-0.0002460592,0.25196463,0.3100961,0.11909266,-0.06299116,0.059115727,-0.11909266,-0.10851211,0.3100961,0.029773165,0.17937717,0.08421376,1,0,0,1,0,,,,,,,,,,,,,,,,,100.0,0.5,5,,1,,-121.0374985|39.55416489,4,-121.0374985,39.55416489,-121.04,39.55,2011.0,0.0,0.0,0.0,0.0,0.0,0.0,0.0,0.0,0.0,0.0,0.0,0.0,0.0,0.0,0.0,0.0,0.0,0.0,1.0,0.0,0.0,0.0,0.0,4.442604222
20260123_ectomycorrhizal_only_alphaearth_center.csv,S003551,0.12456747,0.048227604,-0.17279507,0.03254133,0.048227604,0.059115727,0.055363324,0.07972319,0.28444445,-0.03844675,0.055363324,-0.022206843,-0.19291042,-0.07972319,0.08882737,0.10851211,-0.08882737,0.05173395,-0.010396002,0.029773165,0.02460592,0.14769705,0.022206843,0.06698962,0.059115727,0.33685505,-0.19291042,0.07972319,0.25196463,0.019930797,0.044844292,0.153787,0.010396002,0.21413302,-0.03254133,-0.06698962,-0.044844292,0.08882737,-0.07972319,0.17279507,0.11374087,-0.07972319,0.25196463,-0.09842368,0.044844292,0.048227604,-0.17279507,-0.059115727,0.008858131,-0.08882737,-0.019930797,-0.00153787,0.17279507,0.21413302,-0.06698962,-0.2364629,0.153787,0.07111111,-0.07111111,-0.17937717,0.22889657,-0.06698962,0.075355634,0.0022145328,1,0,0,1,0,,,,,,,,,,,,,,,,,0.005,0.2,5,,8,,-122.8708344|38.08750153,4,-122.8708344,38.08750153,-122.87464,38.08867,2012.0,0.0,0.0,0.0,0.0,0.0,0.0,0.0,0.0,0.0,0.0,0.0,0.0,0.0,1.0,0.0,0.0,0.0,0.0,0.0,0.0,0.0,0.0,0.0,0.6931471806
20260123_ectomycorrhizal_only_alphaearth_center.csv,FMS22810v2,0.10851211,-0.07972319,-0.19291042,0.07111111,0.055363324,0.00615148,-0.059115727,0.17279507,0.09356401,-0.07972319,0.08421376,0.06299116,-0.14769705,0.041584007,0.1417301,0.07111111,0.09842368,-0.07111111,0.029773165,-0.017777778,0.08882737,-0.2214533,0.0030142253,0.06299116,0.2214533,0.06698962,-0.16,-0.06299116,-0.041584007,0.029773165,-0.035432525,0.07972319,0.07111111,0.019930797,-0.09356401,-0.13016532,-0.18608227,0.13016532,-0.059115727,0.027128028,-0.2069358,-0.11374087,0.16,-0.07111111,0.03254133,0.28444445,-0.029773165,0.075355634,0.13016532,0.09842368,-0.0022145328,-0.16633603,-0.0002460592,0.25196463,0.3100961,0.11909266,-0.06299116,0.059115727,-0.11909266,-0.10851211,0.3100961,0.029773165,0.17937717,0.08421376,1,0,0,1,0,,,,,,,,,,,,,,,,,100.0,0.5,5,,2,,-121.0374985|39.55416489,4,-121.0374985,39.55416489,-121.04,39.55,2011.0,0.0,0.0,0.0,0.0,0.0,0.0,0.0,0.0,0.0,0.0,0.0,0.0,0.0,0.0,0.0,0.0,0.0,0.0,1.0,0.0,0.0,0.0,0.0,4.041435945
20260123_ectomycorrhizal_only_alphaearth_center.csv,FMS22923v2,0.19986159,-0.044844292,-0.11909266,-0.022206843,0.08882737,0.09842368,0.007443291,0.19986159,0.11909266,-0.007443291,-0.075355634,0.044844292,-0.17279507,0.13016532,0.017777778,0.1417301,-0.09842368,-0.03254133,0.31889275,-0.11909266,0.13016532,-0.11374087,0.103406385,-0.03254133,0.08882737,0.1417301,-0.25990003,0.0022145328,-0.010396002,-0.02460592,-0.0039369473,0.02460592,-0.06299116,0.017777778,-0.008858131,-0.041584007,-0.19986159,0.00153787,-0.11909266,-0.03844675,-0.19291042,0.0022145328,0.13588619,-0.103406385,-0.035432525,0.2069358,-0.2069358,-0.01574779,-0.0009842368,-0.05173395,-0.03844675,-0.12456747,0.09356401,0.2679585,0.14769705,0.022206843,-0.09842368,0.25196463,-0.11909266,-0.03254133,0.30142254,-0.0039369473,0.103406385,-0.004982699,1,0,0,1,0,,,,,,,,,,,,,,,,,100.0,0.5,5,,1,,-120.7791672|39.26250076,4,-120.7791672,39.26250076,-120.78,39.26,2011.0,0.0,0.0,0.0,0.0,0.0,0.0,0.0,0.0,0.0,0.0,0.0,0.0,0.0,0.0,0.0,0.0,0.0,0.0,1.0,0.0,0.0,0.0,0.0,3.267056251
20260123_ectomycorrhizal_only_alphaearth_center.csv,GF4T285otu,0.19986159,-0.01574779,-0.07111111,-0.017777778,0.11909266,0.019930797,-0.0039369473,0.17937717,-0.00615148,0.048227604,-0.12456747,0.09356401,-0.19291042,0.08882737,0.055363324,0.16633603,-0.14769705,0.10851211,0.25196463,-0.055363324,0.09842368,-0.035432525,0.07111111,-0.035432525,0.11374087,0.05173395,-0.29287198,0.041584007,0.07111111,-0.008858131,0.041584007,0.2214533,0.00615148,0.12456747,0.007443291,-0.007443291,-0.07111111,0.06299116,-0.2364629,0.022206843,-0.28444445,0.13588619,0.03254133,-0.08882737,-0.041584007,0.27613994,-0.11374087,-0.18608227,-0.01574779,-0.10851211,0.07111111,-0.10851211,0.13016532,0.22889657,0.13588619,0.02460592,-0.13016532,0.11374087,-0.010396002,-0.027128028,0.22889657,-0.0039369473,0.08421376,-0.08882737,0,0,0,1,0,,,,,,,,,,,,,,,,,2500.0,2.0,5,,2,,-120.5791702|39.0625,4,-120.5791702,39.0625,-120.58,39.06,2016.0,0.0,1.0,0.0,0.0,0.0,0.0,0.0,0.0,0.0,0.0,0.0,0.0,0.0,0.0,0.0,0.0,0.0,0.0,0.0,0.0,0.0,0.0,1.0,5.629295982
20260123_ectomycorrhizal_only_alphaearth_center.csv,GF4T271otu,0.035432525,-0.027128028,0.029773165,-0.03844675,0.013840831,-0.055363324,0.044844292,0.10851211,-0.055363324,-0.27613994,-0.07111111,-6.15148e-05,-0.24415225,-0.10851211,0.153787,0.048227604,-0.103406385,0.13588619,-0.13588619,0.21413302,-0.022206843,0.1417301,-0.03254133,0.12456747,0.08421376,0.06698962,-0.07972319,0.18608227,0.044844292,-0.06299116,0.17937717,0.06698962,0.11909266,0.19986159,-0.09842368,0.02460592,0.17937717,0.007443291,-0.25196463,0.18608227,0.00615148,-0.19986159,0.21413302,-0.07972319,0.16,0.22889657,0.019930797,-0.07972319,-0.10851211,-0.048227604,0.055363324,-0.048227604,0.2214533,-0.103406385,-0.075355634,-0.11374087,0.010396002,-0.09842368,-0.2069358,-0.03844675,0.1417301,-0.035432525,-0.035432525,-0.16,0,0,0,1,0,,,,,,,,,,,,,,,,,2500.0,2.0,12,,8,,-117.6291656|33.71250153,6,-117.6291656,33.71250153,-117.63,33.71,2015.0,0.0,1.0,0.0,0.0,0.0,0.0,0.0,0.0,0.0,0.0,0.0,0.0,0.0,0.0,0.0,0.0,0.0,0.0,0.0,0.0,0.0,0.0,1.0,3.769422026
20260123_ectomycorrhizal_only_alphaearth_center.csv,S000760,0.19986159,-0.08421376,0.01574779,-0.041584007,0.2069358,0.019930797,-0.02460592,0.2214533,-0.07111111,0.022206843,0.13016532,0.048227604,-0.19291042,-0.022206843,0.19986159,-0.012056901,0.03844675,0.06299116,0.08882737,0.004982699,0.075355634,-0.075355634,0.11374087,0.075355634,0.2214533,-0.017777778,-0.3100961,-0.06299116,0.022206843,-0.0009842368,-0.007443291,0.103406385,0.07972319,0.16633603,0.035432525,-0.103406385,0.05173395,0.09356401,-0.17937717,-0.01574779,-0.2069358,0.0022145328,0.075355634,-0.017777778,-0.06299116,0.30142254,0.055363324,-0.11909266,0.044844292,0.059115727,-0.048227604,-0.09842368,0.11909266,0.25990003,0.16,-0.019930797,-0.29287198,-0.06698962,-0.13016532,-0.03844675,0.24415225,-0.03844675,0.035432525,-0.059115727,1,0,0,1,0,,,,,,,,,,,,,,,,,0.002,2.0,5,,5,,-119.5541687|37.74583435,4,-119.5541687,37.74583435,-119.55345,37.74811,2013.0,0.0,0.0,0.0,0.0,0.0,0.0,0.0,0.0,0.0,0.0,0.0,0.0,0.0,0.0,0.0,0.0,0.0,0.0,1.0,0.0,0.0,0.0,0.0,4.822818687
20260123_ectomycorrhizal_only_alphaearth_center.csv,S003070,0.11909266,-0.16,-0.103406385,0.048227604,0.09842368,-0.02460592,0.055363324,0.027128028,-0.035432525,0.027128028,0.00615148,0.19291042,-0.09842368,0.004982699,-0.07111111,0.103406385,-0.022206843,0.06299116,0.18608227,-0.19291042,0.13016532,-0.11909266,0.11909266,-0.24415225,-0.075355634,0.153787,-0.2679585,0.044844292,0.09356401,-0.019930797,0.06299116,0.16633603,0.14769705,0.075355634,0.013840831,-0.08882737,-0.012056901,0.19291042,-0.16,-0.055363324,-0.07972319,0.10851211,-0.09842368,0.012056901,-0.055363324,0.08421376,-0.06698962,-0.11374087,-0.09356401,-0.11909266,0.13588619,-0.044844292,-0.007443291,0.31889275,0.29287198,0.059115727,-0.08421376,-0.12456747,0.02460592,-0.2214533,0.13588619,0.14769705,0.153787,0.09842368,1,0,0,1,0,,,,,,,,,,,,,,,,,0.005,0.2,5,,3,,-119.4875031|37.8125,4,-119.4875031,37.8125,-119.49117,37.80889,2012.0,0.0,0.0,0.0,0.0,0.0,0.0,0.0,0.0,0.0,0.0,0.0,0.0,0.0,1.0,0.0,0.0,0.0,0.0,0.0,0.0,0.0,0.0,0.0,1.098612289
20260123_ectomycorrhizal_only_alphaearth_center.csv,FMS22939v2,0.19986159,-0.044844292,-0.11909266,-0.022206843,0.08882737,0.09842368,0.007443291,0.19986159,0.11909266,-0.007443291,-0.075355634,0.044844292,-0.17279507,0.13016532,0.017777778,0.1417301,-0.09842368,-0.03254133,0.31889275,-0.11909266,0.13016532,-0.11374087,0.103406385,-0.03254133,0.08882737,0.1417301,-0.25990003,0.0022145328,-0.010396002,-0.02460592,-0.0039369473,0.02460592,-0.06299116,0.017777778,-0.008858131,-0.041584007,-0.19986159,0.00153787,-0.11909266,-0.03844675,-0.19291042,0.0022145328,0.13588619,-0.103406385,-0.035432525,0.2069358,-0.2069358,-0.01574779,-0.0009842368,-0.05173395,-0.03844675,-0.12456747,0.09356401,0.2679585,0.14769705,0.022206843,-0.09842368,0.25196463,-0.11909266,-0.03254133,0.30142254,-0.0039369473,0.103406385,-0.004982699,1,0,0,1,0,,,,,,,,,,,,,,,,,100.0,0.5,5,,5,,-120.7791672|39.26250076,4,-120.7791672,39.26250076,-120.78,39.26,2011.0,0.0,0.0,0.0,0.0,0.0,0.0,0.0,0.0,0.0,0.0,0.0,0.0,0.0,0.0,0.0,0.0,0.0,0.0,1.0,0.0,0.0,0.0,0.0,4.724383337
20260123_ectomycorrhizal_only_alphaearth_center.csv,S000750,0.24415225,-0.08421376,-0.05173395,0.07111111,0.13588619,0.075355634,-0.008858131,-0.0030142253,0.08421376,-0.035432525,-0.00615148,-0.035432525,-0.24415225,-0.05173395,0.022206843,0.09842368,-0.059115727,0.075355634,0.06299116,-0.00153787,-0.013840831,-0.075355634,0.07111111,0.029773165,0.02460592,0.11909266,-0.32781237,-0.08882737,0.2364629,-0.01574779,-0.035432525,0.027128028,-0.044844292,0.11909266,-0.044844292,0.041584007,-0.055363324,0.044844292,-0.2069358,-0.11374087,0.02460592,-0.0030142253,0.1417301,-0.059115727,0.041584007,0.31889275,-0.044844292,-0.153787,-0.16,-0.13588619,-0.0039369473,0.044844292,0.17937717,0.29287198,0.06698962,-0.103406385,-0.17279507,0.059115727,0.055363324,-0.14769705,0.30142254,-0.010396002,0.17937717,-0.08421376,1,0,0,1,0,,,,,,,,,,,,,,,,,0.002,2.0,5,,3,,-119.8958359|37.8125,4,-119.8958359,37.8125,-119.8925781,37.81383896,2012.0,0.0,0.0,0.0,0.0,0.0,0.0,0.0,0.0,0.0,0.0,0.0,0.0,0.0,0.0,0.0,0.0,0.0,0.0,1.0,0.0,0.0,0.0,0.0,5.175369765
20260123_ectomycorrhizal_only_alphaearth_center.csv,FMS22926v2,0.19986159,-0.044844292,-0.11909266,-0.022206843,0.08882737,0.09842368,0.007443291,0.19986159,0.11909266,-0.007443291,-0.075355634,0.044844292,-0.17279507,0.13016532,0.017777778,0.1417301,-0.09842368,-0.03254133,0.31889275,-0.11909266,0.13016532,-0.11374087,0.103406385,-0.03254133,0.08882737,0.1417301,-0.25990003,0.0022145328,-0.010396002,-0.02460592,-0.0039369473,0.02460592,-0.06299116,0.017777778,-0.008858131,-0.041584007,-0.19986159,0.00153787,-0.11909266,-0.03844675,-0.19291042,0.0022145328,0.13588619,-0.103406385,-0.035432525,0.2069358,-0.2069358,-0.01574779,-0.0009842368,-0.05173395,-0.03844675,-0.12456747,0.09356401,0.2679585,0.14769705,0.022206843,-0.09842368,0.25196463,-0.11909266,-0.03254133,0.30142254,-0.0039369473,0.103406385,-0.004982699,1,0,0,1,0,,,,,,,,,,,,,,,,,100.0,0.5,5,,10,,-120.7791672|39.26250076,4,-120.7791672,39.26250076,-120.78,39.26,2011.0,0.0,0.0,0.0,0.0,0.0,0.0,0.0,0.0,0.0,0.0,0.0,0.0,0.0,0.0,0.0,0.0,0.0,0.0,1.0,0.0,0.0,0.0,0.0,4.395090948
20260123_ectomycorrhizal_only_alphaearth_center.csv,GF4T270otu,0.103406385,0.007443291,0.13588619,0.13588619,0.05173395,-0.029773165,0.013840831,0.055363324,-0.3100961,0.048227604,0.16633603,-0.07972319,-0.17279507,-0.05173395,0.05173395,-0.075355634,-0.08882737,-0.06698962,0.2069358,-0.17937717,0.041584007,-0.075355634,-0.08882737,-0.05173395,-0.25196463,0.029773165,-0.03844675,-0.09356401,0.03844675,0.05173395,-0.06698962,-0.09356401,0.19986159,-0.22889657,-0.13588619,0.07972319,0.03254133,0.09356401,-0.34602076,-0.16633603,0.19986159,0.048227604,-0.004982699,-0.27613994,-0.00615148,0.2214533,0.11909266,-0.022206843,0.048227604,0.010396002,-0.11909266,0.153787,0.027128028,-0.044844292,0.13016532,0.055363324,-0.10851211,-0.055363324,-0.13016532,-0.041584007,-0.017777778,-0.13588619,-0.048227604,-0.013840831,0,0,0,1,0,,,,,,,,,,,,,,,,,2500.0,2.0,13,,8,,-118.0041656|36.28749847,6,-118.0041656,36.28749847,-118.0,36.29,2015.0,0.0,1.0,0.0,0.0,0.0,0.0,0.0,0.0,0.0,0.0,0.0,0.0,0.0,0.0,0.0,0.0,0.0,0.0,0.0,0.0,0.0,0.0,1.0,2.251291799
20260123_ectomycorrhizal_only_alphaearth_center.csv,GF4T1186otu,0.08882737,-0.1417301,0.041584007,0.09842368,0.07972319,0.004982699,-0.075355634,0.14769705,-0.08882737,0.027128028,-0.07111111,-0.08421376,-0.18608227,0.02460592,0.019930797,0.16633603,-0.09356401,0.08882737,0.022206843,0.022206843,0.03844675,-0.022206843,0.044844292,0.09356401,0.075355634,-0.103406385,-0.34602076,-0.004982699,0.103406385,-0.03254133,-0.059115727,0.02460592,-0.029773165,0.17279507,-0.09842368,0.07972319,0.03844675,0.02460592,-0.37425604,-0.10851211,-0.06698962,0.16,0.03254133,-0.055363324,0.059115727,0.32781237,0.08882737,-0.18608227,-0.13588619,-0.14769705,-0.035432525,0.027128028,0.2214533,0.17279507,0.055363324,-0.019930797,-0.13588619,0.07972319,0.029773165,-0.008858131,0.2364629,-0.103406385,0.13016532,-0.2069358,0,0,0,1,0,,,,,,,,,,,,,,,,,2500.0,2.0,5,,3,,-119.8874969|37.8125,4,-119.8874969,37.8125,-119.89,37.81,2012.0,0.0,1.0,0.0,0.0,0.0,0.0,0.0,0.0,0.0,0.0,0.0,0.0,0.0,0.0,0.0,0.0,0.0,0.0,0.0,0.0,0.0,0.0,1.0,5.958132644
20260123_ectomycorrhizal_only_alphaearth_center.csv,FMS22940v2,0.19986159,-0.044844292,-0.11909266,-0.022206843,0.08882737,0.09842368,0.007443291,0.19986159,0.11909266,-0.007443291,-0.075355634,0.044844292,-0.17279507,0.13016532,0.017777778,0.1417301,-0.09842368,-0.03254133,0.31889275,-0.11909266,0.13016532,-0.11374087,0.103406385,-0.03254133,0.08882737,0.1417301,-0.25990003,0.0022145328,-0.010396002,-0.02460592,-0.0039369473,0.02460592,-0.06299116,0.017777778,-0.008858131,-0.041584007,-0.19986159,0.00153787,-0.11909266,-0.03844675,-0.19291042,0.0022145328,0.13588619,-0.103406385,-0.035432525,0.2069358,-0.2069358,-0.01574779,-0.0009842368,-0.05173395,-0.03844675,-0.12456747,0.09356401,0.2679585,0.14769705,0.022206843,-0.09842368,0.25196463,-0.11909266,-0.03254133,0.30142254,-0.0039369473,0.103406385,-0.004982699,1,0,0,1,0,,,,,,,,,,,,,,,,,100.0,0.5,5,,3,,-120.7791672|39.26250076,4,-120.7791672,39.26250076,-120.78,39.26,2011.0,0.0,0.0,0.0,0.0,0.0,0.0,0.0,0.0,0.0,0.0,0.0,0.0,0.0,0.0,0.0,0.0,0.0,0.0,1.0,0.0,0.0,0.0,0.0,3.650632281
20260123_ectomycorrhizal_only_alphaearth_center.csv,FMS22826v2,0.10851211,-0.07972319,-0.19291042,0.07111111,0.055363324,0.00615148,-0.059115727,0.17279507,0.09356401,-0.07972319,0.08421376,0.06299116,-0.14769705,0.041584007,0.1417301,0.07111111,0.09842368,-0.07111111,0.029773165,-0.017777778,0.08882737,-0.2214533,0.0030142253,0.06299116,0.2214533,0.06698962,-0.16,-0.06299116,-0.041584007,0.029773165,-0.035432525,0.07972319,0.07111111,0.019930797,-0.09356401,-0.13016532,-0.18608227,0.13016532,-0.059115727,0.027128028,-0.2069358,-0.11374087,0.16,-0.07111111,0.03254133,0.28444445,-0.029773165,0.075355634,0.13016532,0.09842368,-0.0022145328,-0.16633603,-0.0002460592,0.25196463,0.3100961,0.11909266,-0.06299116,0.059115727,-0.11909266,-0.10851211,0.3100961,0.029773165,0.17937717,0.08421376,1,0,0,1,0,,,,,,,,,,,,,,,,,100.0,0.5,5,,5,,-121.0374985|39.55416489,4,-121.0374985,39.55416489,-121.04,39.55,2011.0,0.0,0.0,0.0,0.0,0.0,0.0,0.0,0.0,0.0,0.0,0.0,0.0,0.0,0.0,0.0,0.0,0.0,0.0,1.0,0.0,0.0,0.0,0.0,4.543262884
20260123_ectomycorrhizal_only_alphaearth_center.csv,GF4T1325otu,0.18608227,0.14769705,0.10851211,0.08421376,0.12456747,0.08882737,-0.059115727,0.07111111,-0.06299116,0.059115727,0.08421376,-0.03254133,-0.3553095,-0.21413302,0.13588619,0.075355634,-0.07111111,-0.09356401,0.27613994,-0.09356401,-0.01574779,-0.18608227,-0.2069358,-0.0009842368,-0.1417301,0.12456747,0.11909266,-0.153787,0.027128028,0.03844675,0.09356401,0.00153787,0.2069358,-0.16,-0.11374087,-0.09356401,0.03844675,0.103406385,-0.06698962,-0.10851211,0.25990003,-0.06698962,0.17279507,-0.24415225,0.048227604,0.09356401,0.03254133,-0.21413302,-0.035432525,-0.17937717,-0.07111111,-0.075355634,0.02460592,-0.008858131,0.06698962,-0.059115727,-0.004982699,-0.07972319,0.0005536332,0.07972319,-0.06698962,0.08882737,0.019930797,-0.08421376,0,0,0,1,0,,,,,,,,,,,,,,,,,2500.0,2.0,13,,1,,-117.3208313|34.97083282,6,-117.3208313,34.97083282,-117.32,34.97,2014.0,0.0,1.0,0.0,0.0,0.0,0.0,0.0,0.0,0.0,0.0,0.0,0.0,0.0,0.0,0.0,0.0,0.0,0.0,0.0,0.0,0.0,0.0,1.0,3.064371727
20260123_ectomycorrhizal_only_alphaearth_center.csv,FMS22820v2,0.10851211,-0.07972319,-0.19291042,0.07111111,0.055363324,0.00615148,-0.059115727,0.17279507,0.09356401,-0.07972319,0.08421376,0.06299116,-0.14769705,0.041584007,0.1417301,0.07111111,0.09842368,-0.07111111,0.029773165,-0.017777778,0.08882737,-0.2214533,0.0030142253,0.06299116,0.2214533,0.06698962,-0.16,-0.06299116,-0.041584007,0.029773165,-0.035432525,0.07972319,0.07111111,0.019930797,-0.09356401,-0.13016532,-0.18608227,0.13016532,-0.059115727,0.027128028,-0.2069358,-0.11374087,0.16,-0.07111111,0.03254133,0.28444445,-0.029773165,0.075355634,0.13016532,0.09842368,-0.0022145328,-0.16633603,-0.0002460592,0.25196463,0.3100961,0.11909266,-0.06299116,0.059115727,-0.11909266,-0.10851211,0.3100961,0.029773165,0.17937717,0.08421376,1,0,0,1,0,,,,,,,,,,,,,,,,,100.0,0.5,5,,9,,-121.0374985|39.55416489,4,-121.0374985,39.55416489,-121.04,39.55,2011.0,0.0,0.0,0.0,0.0,0.0,0.0,0.0,0.0,0.0,0.0,0.0,0.0,0.0,0.0,0.0,0.0,0.0,0.0,1.0,0.0,0.0,0.0,0.0,4.55904244
20260123_ectomycorrhizal_only_alphaearth_center.csv,FMS22815v2,0.10851211,-0.07972319,-0.19291042,0.07111111,0.055363324,0.00615148,-0.059115727,0.17279507,0.09356401,-0.07972319,0.08421376,0.06299116,-0.14769705,0.041584007,0.1417301,0.07111111,0.09842368,-0.07111111,0.029773165,-0.017777778,0.08882737,-0.2214533,0.0030142253,0.06299116,0.2214533,0.06698962,-0.16,-0.06299116,-0.041584007,0.029773165,-0.035432525,0.07972319,0.07111111,0.019930797,-0.09356401,-0.13016532,-0.18608227,0.13016532,-0.059115727,0.027128028,-0.2069358,-0.11374087,0.16,-0.07111111,0.03254133,0.28444445,-0.029773165,0.075355634,0.13016532,0.09842368,-0.0022145328,-0.16633603,-0.0002460592,0.25196463,0.3100961,0.11909266,-0.06299116,0.059115727,-0.11909266,-0.10851211,0.3100961,0.029773165,0.17937717,0.08421376,1,0,0,1,0,,,,,,,,,,,,,,,,,100.0,0.5,5,,10,,-121.0374985|39.55416489,4,-121.0374985,39.55416489,-121.04,39.55,2011.0,0.0,0.0,0.0,0.0,0.0,0.0,0.0,0.0,0.0,0.0,0.0,0.0,0.0,0.0,0.0,0.0,0.0,0.0,1.0,0.0,0.0,0.0,0.0,4.228248804
20260123_ectomycorrhizal_only_alphaearth_center.csv,FMS22925v2,0.19986159,-0.044844292,-0.11909266,-0.022206843,0.08882737,0.09842368,0.007443291,0.19986159,0.11909266,-0.007443291,-0.075355634,0.044844292,-0.17279507,0.13016532,0.017777778,0.1417301,-0.09842368,-0.03254133,0.31889275,-0.11909266,0.13016532,-0.11374087,0.103406385,-0.03254133,0.08882737,0.1417301,-0.25990003,0.0022145328,-0.010396002,-0.02460592,-0.0039369473,0.02460592,-0.06299116,0.017777778,-0.008858131,-0.041584007,-0.19986159,0.00153787,-0.11909266,-0.03844675,-0.19291042,0.0022145328,0.13588619,-0.103406385,-0.035432525,0.2069358,-0.2069358,-0.01574779,-0.0009842368,-0.05173395,-0.03844675,-0.12456747,0.09356401,0.2679585,0.14769705,0.022206843,-0.09842368,0.25196463,-0.11909266,-0.03254133,0.30142254,-0.0039369473,0.103406385,-0.004982699,1,0,0,1,0,,,,,,,,,,,,,,,,,100.0,0.5,5,,6,,-120.7791672|39.26250076,4,-120.7791672,39.26250076,-120.78,39.26,2011.0,0.0,0.0,0.0,0.0,0.0,0.0,0.0,0.0,0.0,0.0,0.0,0.0,0.0,0.0,0.0,0.0,0.0,0.0,1.0,0.0,0.0,0.0,0.0,4.268941908
20260123_ectomycorrhizal_only_alphaearth_center.csv,FMS22938v2,0.19986159,-0.044844292,-0.11909266,-0.022206843,0.08882737,0.09842368,0.007443291,0.19986159,0.11909266,-0.007443291,-0.075355634,0.044844292,-0.17279507,0.13016532,0.017777778,0.1417301,-0.09842368,-0.03254133,0.31889275,-0.11909266,0.13016532,-0.11374087,0.103406385,-0.03254133,0.08882737,0.1417301,-0.25990003,0.0022145328,-0.010396002,-0.02460592,-0.0039369473,0.02460592,-0.06299116,0.017777778,-0.008858131,-0.041584007,-0.19986159,0.00153787,-0.11909266,-0.03844675,-0.19291042,0.0022145328,0.13588619,-0.103406385,-0.035432525,0.2069358,-0.2069358,-0.01574779,-0.0009842368,-0.05173395,-0.03844675,-0.12456747,0.09356401,0.2679585,0.14769705,0.022206843,-0.09842368,0.25196463,-0.11909266,-0.03254133,0.30142254,-0.0039369473,0.103406385,-0.004982699,1,0,0,1,0,,,,,,,,,,,,,,,,,100.0,0.5,5,,7,,-120.7791672|39.26250076,4,-120.7791672,39.26250076,-120.78,39.26,2011.0,0.0,0.0,0.0,0.0,0.0,0.0,0.0,0.0,0.0,0.0,0.0,0.0,0.0,0.0,0.0,0.0,0.0,0.0,1.0,0.0,0.0,0.0,0.0,4.291267308
20260123_ectomycorrhizal_only_alphaearth_center.csv,FMS22809v2,0.10851211,-0.07972319,-0.19291042,0.07111111,0.055363324,0.00615148,-0.059115727,0.17279507,0.09356401,-0.07972319,0.08421376,0.06299116,-0.14769705,0.041584007,0.1417301,0.07111111,0.09842368,-0.07111111,0.029773165,-0.017777778,0.08882737,-0.2214533,0.0030142253,0.06299116,0.2214533,0.06698962,-0.16,-0.06299116,-0.041584007,0.029773165,-0.035432525,0.07972319,0.07111111,0.019930797,-0.09356401,-0.13016532,-0.18608227,0.13016532,-0.059115727,0.027128028,-0.2069358,-0.11374087,0.16,-0.07111111,0.03254133,0.28444445,-0.029773165,0.075355634,0.13016532,0.09842368,-0.0022145328,-0.16633603,-0.0002460592,0.25196463,0.3100961,0.11909266,-0.06299116,0.059115727,-0.11909266,-0.10851211,0.3100961,0.029773165,0.17937717,0.08421376,1,0,0,1,0,,,,,,,,,,,,,,,,,100.0,0.5,5,,8,,-121.0374985|39.55416489,4,-121.0374985,39.55416489,-121.04,39.55,2011.0,0.0,0.0,0.0,0.0,0.0,0.0,0.0,0.0,0.0,0.0,0.0,0.0,0.0,0.0,0.0,0.0,0.0,0.0,1.0,0.0,0.0,0.0,0.0,3.812025872
20260123_ectomycorrhizal_only_alphaearth_center.csv,FMS22817v2,0.10851211,-0.07972319,-0.19291042,0.07111111,0.055363324,0.00615148,-0.059115727,0.17279507,0.09356401,-0.07972319,0.08421376,0.06299116,-0.14769705,0.041584007,0.1417301,0.07111111,0.09842368,-0.07111111,0.029773165,-0.017777778,0.08882737,-0.2214533,0.0030142253,0.06299116,0.2214533,0.06698962,-0.16,-0.06299116,-0.041584007,0.029773165,-0.035432525,0.07972319,0.07111111,0.019930797,-0.09356401,-0.13016532,-0.18608227,0.13016532,-0.059115727,0.027128028,-0.2069358,-0.11374087,0.16,-0.07111111,0.03254133,0.28444445,-0.029773165,0.075355634,0.13016532,0.09842368,-0.0022145328,-0.16633603,-0.0002460592,0.25196463,0.3100961,0.11909266,-0.06299116,0.059115727,-0.11909266,-0.10851211,0.3100961,0.029773165,0.17937717,0.08421376,1,0,0,1,0,,,,,,,,,,,,,,,,,100.0,0.5,5,,9,,-121.0374985|39.55416489,4,-121.0374985,39.55416489,-121.04,39.55,2011.0,0.0,0.0,0.0,0.0,0.0,0.0,0.0,0.0,0.0,0.0,0.0,0.0,0.0,0.0,0.0,0.0,0.0,0.0,1.0,0.0,0.0,0.0,0.0,3.891759105
20260123_ectomycorrhizal_only_alphaearth_center.csv,GF4T1187otu,0.13016532,-0.048227604,0.06299116,0.035432525,0.11374087,0.103406385,0.05173395,0.12456747,0.10851211,-0.010396002,-0.08882737,-0.14769705,-0.18608227,-0.17937717,0.07972319,0.19986159,-0.02460592,0.048227604,-0.13588619,-0.13016532,0.012056901,0.153787,-0.03844675,0.16633603,0.08882737,0.17937717,-0.17937717,0.2069358,0.17937717,0.103406385,0.075355634,-0.14769705,0.103406385,-0.07111111,-0.18608227,-0.11909266,-0.07111111,0.019930797,-0.2214533,0.17279507,0.09356401,-0.059115727,0.21413302,-0.22889657,0.14769705,0.153787,-0.0039369473,-0.2364629,-0.16,-0.03844675,-0.103406385,0.09842368,0.012056901,-0.013840831,-0.103406385,-0.13016532,0.055363324,0.010396002,0.059115727,0.041584007,0.2364629,-0.035432525,-0.012056901,-0.08421376,0,0,0,1,0,,,,,,,,,,,,,,,,,2500.0,2.0,12,,5,,-120.5791702|37.85416794,4,-120.5791702,37.85416794,-120.58,37.85,2012.0,0.0,1.0,0.0,0.0,0.0,0.0,0.0,0.0,0.0,0.0,0.0,0.0,0.0,0.0,0.0,0.0,0.0,0.0,0.0,0.0,0.0,0.0,1.0,4.473123374
20260123_ectomycorrhizal_only_alphaearth_center.csv,FMS22825v2,0.10851211,-0.07972319,-0.19291042,0.07111111,0.055363324,0.00615148,-0.059115727,0.17279507,0.09356401,-0.07972319,0.08421376,0.06299116,-0.14769705,0.041584007,0.1417301,0.07111111,0.09842368,-0.07111111,0.029773165,-0.017777778,0.08882737,-0.2214533,0.0030142253,0.06299116,0.2214533,0.06698962,-0.16,-0.06299116,-0.041584007,0.029773165,-0.035432525,0.07972319,0.07111111,0.019930797,-0.09356401,-0.13016532,-0.18608227,0.13016532,-0.059115727,0.027128028,-0.2069358,-0.11374087,0.16,-0.07111111,0.03254133,0.28444445,-0.029773165,0.075355634,0.13016532,0.09842368,-0.0022145328,-0.16633603,-0.0002460592,0.25196463,0.3100961,0.11909266,-0.06299116,0.059115727,-0.11909266,-0.10851211,0.3100961,0.029773165,0.17937717,0.08421376,1,0,0,1,0,,,,,,,,,,,,,,,,,100.0,0.5,5,,10,,-121.0374985|39.55416489,4,-121.0374985,39.55416489,-121.04,39.55,2011.0,0.0,0.0,0.0,0.0,0.0,0.0,0.0,0.0,0.0,0.0,0.0,0.0,0.0,0.0,0.0,0.0,0.0,0.0,1.0,0.0,0.0,0.0,0.0,3.110934178
20260123_ectomycorrhizal_only_alphaearth_center.csv,FMS22822v2,0.10851211,-0.07972319,-0.19291042,0.07111111,0.055363324,0.00615148,-0.059115727,0.17279507,0.09356401,-0.07972319,0.08421376,0.06299116,-0.14769705,0.041584007,0.1417301,0.07111111,0.09842368,-0.07111111,0.029773165,-0.017777778,0.08882737,-0.2214533,0.0030142253,0.06299116,0.2214533,0.06698962,-0.16,-0.06299116,-0.041584007,0.029773165,-0.035432525,0.07972319,0.07111111,0.019930797,-0.09356401,-0.13016532,-0.18608227,0.13016532,-0.059115727,0.027128028,-0.2069358,-0.11374087,0.16,-0.07111111,0.03254133,0.28444445,-0.029773165,0.075355634,0.13016532,0.09842368,-0.0022145328,-0.16633603,-0.0002460592,0.25196463,0.3100961,0.11909266,-0.06299116,0.059115727,-0.11909266,-0.10851211,0.3100961,0.029773165,0.17937717,0.08421376,1,0,0,1,0,,,,,,,,,,,,,,,,,100.0,0.5,5,,8,,-121.0374985|39.55416489,4,-121.0374985,39.55416489,-121.04,39.55,2011.0,0.0,0.0,0.0,0.0,0.0,0.0,0.0,0.0,0.0,0.0,0.0,0.0,0.0,0.0,0.0,0.0,0.0,0.0,1.0,0.0,0.0,0.0,0.0,3.371562595
20260123_ectomycorrhizal_only_alphaearth_center.csv,GF4T281otu,0.075355634,-0.1417301,0.01574779,-0.03844675,-0.017777778,-0.07111111,-0.08882737,-0.21413302,-0.2069358,0.13016532,-0.0002460592,-0.14769705,-0.05173395,-0.05173395,-0.18608227,0.055363324,-0.044844292,-0.09356401,0.103406385,-0.2069358,-0.03844675,0.08882737,-0.11374087,0.00615148,-0.19986159,-0.035432525,0.055363324,-0.017777778,0.11374087,-0.075355634,-0.19291042,0.06299116,0.18608227,-0.19986159,-0.09842368,0.13016532,0.11909266,0.10851211,-0.2214533,-0.027128028,-0.02460592,0.07972319,-0.08882737,-0.153787,0.06299116,0.18608227,0.14769705,-0.11374087,0.13016532,-0.22889657,0.035432525,-0.0009842368,0.17937717,0.2069358,0.008858131,0.03844675,-0.16,-0.153787,-0.2214533,-0.05173395,0.16,-0.06299116,0.14769705,0.09842368,0,0,0,1,0,,,,,,,,,,,,,,,,,2500.0,2.0,5,,2,,-120.6624985|40.67083359,4,-120.6624985,40.67083359,-120.66,40.67,2016.0,0.0,1.0,0.0,0.0,0.0,0.0,0.0,0.0,0.0,0.0,0.0,0.0,0.0,0.0,0.0,0.0,0.0,0.0,0.0,0.0,0.0,0.0,1.0,2.251291799
20260123_ectomycorrhizal_only_alphaearth_center.csv,N2024,0.16,0.2214533,0.03254133,0.19986159,0.05173395,0.048227604,-0.017777778,0.09842368,-0.059115727,-0.055363324,0.10851211,-0.13588619,-0.24415225,-0.13588619,0.11374087,0.08882737,-0.010396002,-0.0030142253,0.25196463,-0.09356401,-0.01574779,-0.11374087,-0.059115727,0.03254133,-0.16633603,0.2364629,0.017777778,-0.06299116,0.048227604,0.103406385,0.09356401,-0.03844675,0.10851211,-0.19986159,0.059115727,-0.08421376,0.027128028,-0.019930797,-0.25196463,0.03254133,0.37425604,-0.07972319,0.16,-0.2214533,0.029773165,0.153787,0.11909266,-0.06698962,-0.07111111,-0.16633603,-0.1417301,-0.027128028,0.03844675,-0.05173395,0.08882737,0.103406385,-0.11909266,-0.12456747,-0.03254133,-0.12456747,0.0009842368,0.055363324,0.14769705,0.019930797,0,1,0,1,0,,,,,,,,,,,,,,,,,100.0,0.5,13,,9,,-115.7958298|33.75416565,6,-115.7958298,33.75416565,-115.79572,33.754262,,0.0,0.0,0.0,1.0,0.0,0.0,0.0,0.0,0.0,0.0,0.0,0.0,0.0,0.0,0.0,0.0,0.0,0.0,0.0,0.0,0.0,0.0,0.0,3.161458535
20260123_ectomycorrhizal_only_alphaearth_center.csv,FMS22935v2,0.19986159,-0.044844292,-0.11909266,-0.022206843,0.08882737,0.09842368,0.007443291,0.19986159,0.11909266,-0.007443291,-0.075355634,0.044844292,-0.17279507,0.13016532,0.017777778,0.1417301,-0.09842368,-0.03254133,0.31889275,-0.11909266,0.13016532,-0.11374087,0.103406385,-0.03254133,0.08882737,0.1417301,-0.25990003,0.0022145328,-0.010396002,-0.02460592,-0.0039369473,0.02460592,-0.06299116,0.017777778,-0.008858131,-0.041584007,-0.19986159,0.00153787,-0.11909266,-0.03844675,-0.19291042,0.0022145328,0.13588619,-0.103406385,-0.035432525,0.2069358,-0.2069358,-0.01574779,-0.0009842368,-0.05173395,-0.03844675,-0.12456747,0.09356401,0.2679585,0.14769705,0.022206843,-0.09842368,0.25196463,-0.11909266,-0.03254133,0.30142254,-0.0039369473,0.103406385,-0.004982699,1,0,0,1,0,,,,,,,,,,,,,,,,,100.0,0.5,5,,7,,-120.7791672|39.26250076,4,-120.7791672,39.26250076,-120.78,39.26,2011.0,0.0,0.0,0.0,0.0,0.0,0.0,0.0,0.0,0.0,0.0,0.0,0.0,0.0,0.0,0.0,0.0,0.0,0.0,1.0,0.0,0.0,0.0,0.0,5.075405055
20260123_ectomycorrhizal_only_alphaearth_center.csv,GF4T284otu,0.16,-0.03254133,-0.08421376,0.103406385,0.14769705,-0.08421376,0.08421376,0.010396002,-0.055363324,-0.0002460592,-0.12456747,0.22889657,-0.153787,0.008858131,-0.16,0.2069358,0.007443291,-0.055363324,0.12456747,-0.041584007,0.12456747,-0.03254133,0.103406385,-0.16633603,-0.01574779,0.02460592,-0.24415225,0.029773165,0.07111111,0.022206843,-0.044844292,0.14769705,0.13016532,0.059115727,0.055363324,0.007443291,0.06698962,0.11374087,-0.30142254,0.059115727,-0.153787,0.2364629,-0.06299116,-0.05173395,-0.059115727,0.21413302,-0.05173395,-0.29287198,-0.044844292,-0.153787,0.17937717,-0.008858131,-0.019930797,0.2069358,0.19291042,0.019930797,0.06698962,-0.09356401,0.06698962,-0.19986159,0.13588619,0.13016532,0.06299116,0.010396002,0,0,0,1,0,,,,,,,,,,,,,,,,,2500.0,2.0,5,,10,,-120.4041672|39.20416641,4,-120.4041672,39.20416641,-120.4,39.2,2016.0,0.0,1.0,0.0,0.0,0.0,0.0,0.0,0.0,0.0,0.0,0.0,0.0,0.0,0.0,0.0,0.0,0.0,0.0,0.0,0.0,0.0,0.0,1.0,5.141821397
20260123_ectomycorrhizal_only_alphaearth_center.csv,FMS22922v2,0.19986159,-0.044844292,-0.11909266,-0.022206843,0.08882737,0.09842368,0.007443291,0.19986159,0.11909266,-0.007443291,-0.075355634,0.044844292,-0.17279507,0.13016532,0.017777778,0.1417301,-0.09842368,-0.03254133,0.31889275,-0.11909266,0.13016532,-0.11374087,0.103406385,-0.03254133,0.08882737,0.1417301,-0.25990003,0.0022145328,-0.010396002,-0.02460592,-0.0039369473,0.02460592,-0.06299116,0.017777778,-0.008858131,-0.041584007,-0.19986159,0.00153787,-0.11909266,-0.03844675,-0.19291042,0.0022145328,0.13588619,-0.103406385,-0.035432525,0.2069358,-0.2069358,-0.01574779,-0.0009842368,-0.05173395,-0.03844675,-0.12456747,0.09356401,0.2679585,0.14769705,0.022206843,-0.09842368,0.25196463,-0.11909266,-0.03254133,0.30142254,-0.0039369473,0.103406385,-0.004982699,1,0,0,1,0,,,,,,,,,,,,,,,,,100.0,0.5,5,,1,,-120.7791672|39.26250076,4,-120.7791672,39.26250076,-120.78,39.26,2011.0,0.0,0.0,0.0,0.0,0.0,0.0,0.0,0.0,0.0,0.0,0.0,0.0,0.0,0.0,0.0,0.0,0.0,0.0,1.0,0.0,0.0,0.0,0.0,3.349763737
20260123_ectomycorrhizal_only_alphaearth_center.csv,GF4T280otu,0.18608227,-0.08882737,-0.14769705,0.00615148,0.16,0.06299116,-0.06698962,0.10851211,-0.048227604,-0.019930797,0.05173395,0.03254133,-0.07972319,-0.012056901,0.17279507,0.075355634,0.027128028,-0.035432525,0.17279507,0.10851211,0.017777778,-0.17279507,0.09842368,-0.08421376,0.07972319,0.09356401,-0.11909266,-0.08882737,0.10851211,0.103406385,0.027128028,0.24415225,0.19291042,0.06299116,0.019930797,0.07972319,-0.12456747,0.059115727,-0.16,0.16633603,-0.25196463,0.12456747,0.019930797,-0.13588619,-0.00615148,0.19291042,-0.004982699,-0.2214533,-0.007443291,-0.09842368,0.048227604,-0.1417301,0.07111111,0.3100961,0.21413302,0.07972319,-0.14769705,-0.022206843,-0.13016532,-0.06698962,0.27613994,0.0005536332,0.11909266,-0.055363324,0,0,0,1,0,,,,,,,,,,,,,,,,,2500.0,2.0,5,,2,,-120.9041672|41.07916641,4,-120.9041672,41.07916641,-120.9,41.08,2016.0,0.0,1.0,0.0,0.0,0.0,0.0,0.0,0.0,0.0,0.0,0.0,0.0,0.0,0.0,0.0,0.0,0.0,0.0,0.0,0.0,0.0,0.0,1.0,5.35919134
20260123_ectomycorrhizal_only_alphaearth_center.csv,FMS17344v2,0.17937717,0.17937717,0.11374087,0.16,0.059115727,0.0022145328,0.013840831,0.09842368,-0.11374087,-0.059115727,0.11374087,-0.13588619,-0.29287198,-0.13588619,0.09356401,0.05173395,0.019930797,0.035432525,0.2679585,-0.13588619,0.00615148,-0.12456747,-0.11909266,0.00615148,-0.16,0.17279507,-0.02460592,-0.012056901,0.022206843,0.07972319,0.11374087,-0.09842368,0.06698962,-0.13588619,-0.059115727,-0.09356401,0.0030142253,0.044844292,-0.30142254,0.103406385,0.37425604,-0.048227604,0.16633603,-0.2069358,-0.022206843,0.18608227,0.07972319,-0.08421376,-0.08882737,-0.14769705,-0.16633603,0.05173395,0.08421376,-0.07111111,0.075355634,0.08882737,-0.12456747,-0.059115727,-0.022206843,-0.048227604,-0.027128028,-0.0022145328,0.07111111,-0.0022145328,0,1,0,1,0,,,,,,,,,,,,,,,,,100.0,0.5,13,,8,,-115.8125|33.75416565,6,-115.8125,33.75416565,-115.811803,33.750666,2009.0,0.0,0.0,0.0,1.0,0.0,0.0,0.0,0.0,0.0,0.0,0.0,0.0,0.0,0.0,0.0,0.0,0.0,0.0,0.0,0.0,0.0,0.0,0.0,2.745923884
20260123_ectomycorrhizal_only_alphaearth_center.csv,FMS22819v2,0.10851211,-0.07972319,-0.19291042,0.07111111,0.055363324,0.00615148,-0.059115727,0.17279507,0.09356401,-0.07972319,0.08421376,0.06299116,-0.14769705,0.041584007,0.1417301,0.07111111,0.09842368,-0.07111111,0.029773165,-0.017777778,0.08882737,-0.2214533,0.0030142253,0.06299116,0.2214533,0.06698962,-0.16,-0.06299116,-0.041584007,0.029773165,-0.035432525,0.07972319,0.07111111,0.019930797,-0.09356401,-0.13016532,-0.18608227,0.13016532,-0.059115727,0.027128028,-0.2069358,-0.11374087,0.16,-0.07111111,0.03254133,0.28444445,-0.029773165,0.075355634,0.13016532,0.09842368,-0.0022145328,-0.16633603,-0.0002460592,0.25196463,0.3100961,0.11909266,-0.06299116,0.059115727,-0.11909266,-0.10851211,0.3100961,0.029773165,0.17937717,0.08421376,1,0,0,1,0,,,,,,,,,,,,,,,,,100.0,0.5,5,,9,,-121.0374985|39.55416489,4,-121.0374985,39.55416489,-121.04,39.55,2011.0,0.0,0.0,0.0,0.0,0.0,0.0,0.0,0.0,0.0,0.0,0.0,0.0,0.0,0.0,0.0,0.0,0.0,0.0,1.0,0.0,0.0,0.0,0.0,3.812092143
20260123_ectomycorrhizal_only_alphaearth_center.csv,FMS22824v2,0.10851211,-0.07972319,-0.19291042,0.07111111,0.055363324,0.00615148,-0.059115727,0.17279507,0.09356401,-0.07972319,0.08421376,0.06299116,-0.14769705,0.041584007,0.1417301,0.07111111,0.09842368,-0.07111111,0.029773165,-0.017777778,0.08882737,-0.2214533,0.0030142253,0.06299116,0.2214533,0.06698962,-0.16,-0.06299116,-0.041584007,0.029773165,-0.035432525,0.07972319,0.07111111,0.019930797,-0.09356401,-0.13016532,-0.18608227,0.13016532,-0.059115727,0.027128028,-0.2069358,-0.11374087,0.16,-0.07111111,0.03254133,0.28444445,-0.029773165,0.075355634,0.13016532,0.09842368,-0.0022145328,-0.16633603,-0.0002460592,0.25196463,0.3100961,0.11909266,-0.06299116,0.059115727,-0.11909266,-0.10851211,0.3100961,0.029773165,0.17937717,0.08421376,1,0,0,1,0,,,,,,,,,,,,,,,,,100.0,0.5,5,,9,,-121.0374985|39.55416489,4,-121.0374985,39.55416489,-121.04,39.55,2011.0,0.0,0.0,0.0,0.0,0.0,0.0,0.0,0.0,0.0,0.0,0.0,0.0,0.0,0.0,0.0,0.0,0.0,0.0,1.0,0.0,0.0,0.0,0.0,4.739622394
20260123_ectomycorrhizal_only_alphaearth_center.csv,FMS22821v2,0.10851211,-0.07972319,-0.19291042,0.07111111,0.055363324,0.00615148,-0.059115727,0.17279507,0.09356401,-0.07972319,0.08421376,0.06299116,-0.14769705,0.041584007,0.1417301,0.07111111,0.09842368,-0.07111111,0.029773165,-0.017777778,0.08882737,-0.2214533,0.0030142253,0.06299116,0.2214533,0.06698962,-0.16,-0.06299116,-0.041584007,0.029773165,-0.035432525,0.07972319,0.07111111,0.019930797,-0.09356401,-0.13016532,-0.18608227,0.13016532,-0.059115727,0.027128028,-0.2069358,-0.11374087,0.16,-0.07111111,0.03254133,0.28444445,-0.029773165,0.075355634,0.13016532,0.09842368,-0.0022145328,-0.16633603,-0.0002460592,0.25196463,0.3100961,0.11909266,-0.06299116,0.059115727,-0.11909266,-0.10851211,0.3100961,0.029773165,0.17937717,0.08421376,1,0,0,1,0,,,,,,,,,,,,,,,,,100.0,0.5,5,,9,,-121.0374985|39.55416489,4,-121.0374985,39.55416489,-121.04,39.55,2011.0,0.0,0.0,0.0,0.0,0.0,0.0,0.0,0.0,0.0,0.0,0.0,0.0,0.0,0.0,0.0,0.0,0.0,0.0,1.0,0.0,0.0,0.0,0.0,4.317408154
20260123_ectomycorrhizal_only_alphaearth_center.csv,GF4T1326otu,0.2069358,0.09842368,0.019930797,0.25196463,0.06698962,0.027128028,-0.019930797,0.035432525,-0.12456747,-0.12456747,0.153787,-0.07972319,-0.24415225,-0.17279507,0.11909266,0.035432525,-0.012056901,0.035432525,0.2214533,-0.017777778,0.022206843,-0.12456747,-0.11374087,-0.055363324,-0.17279507,0.2069358,0.09356401,-0.11909266,0.059115727,0.17937717,0.059115727,-0.055363324,0.07111111,-0.14769705,-0.010396002,0.00615148,0.00615148,-0.12456747,-0.2364629,0.035432525,0.33685505,-0.08882737,0.07111111,-0.2069358,0.03844675,0.14769705,0.2364629,-0.02460592,-0.075355634,-0.19291042,-0.07111111,-0.103406385,-0.004982699,-0.03254133,0.03844675,0.02460592,-0.08421376,-0.08882737,-0.007443291,-0.16633603,0.055363324,0.02460592,0.153787,-0.02460592,0,0,0,1,0,,,,,,,,,,,,,,,,,2500.0,2.0,13,,6,,-116.4291687|34.15416718,6,-116.4291687,34.15416718,-116.43,34.15,2014.0,0.0,1.0,0.0,0.0,0.0,0.0,0.0,0.0,0.0,0.0,0.0,0.0,0.0,0.0,0.0,0.0,0.0,0.0,0.0,0.0,0.0,0.0,1.0,2.151762192
20260123_ectomycorrhizal_only_alphaearth_center.csv,FMS22924v2,0.19986159,-0.044844292,-0.11909266,-0.022206843,0.08882737,0.09842368,0.007443291,0.19986159,0.11909266,-0.007443291,-0.075355634,0.044844292,-0.17279507,0.13016532,0.017777778,0.1417301,-0.09842368,-0.03254133,0.31889275,-0.11909266,0.13016532,-0.11374087,0.103406385,-0.03254133,0.08882737,0.1417301,-0.25990003,0.0022145328,-0.010396002,-0.02460592,-0.0039369473,0.02460592,-0.06299116,0.017777778,-0.008858131,-0.041584007,-0.19986159,0.00153787,-0.11909266,-0.03844675,-0.19291042,0.0022145328,0.13588619,-0.103406385,-0.035432525,0.2069358,-0.2069358,-0.01574779,-0.0009842368,-0.05173395,-0.03844675,-0.12456747,0.09356401,0.2679585,0.14769705,0.022206843,-0.09842368,0.25196463,-0.11909266,-0.03254133,0.30142254,-0.0039369473,0.103406385,-0.004982699,1,0,0,1,0,,,,,,,,,,,,,,,,,100.0,0.5,5,,5,,-120.7791672|39.26250076,4,-120.7791672,39.26250076,-120.78,39.26,2011.0,0.0,0.0,0.0,0.0,0.0,0.0,0.0,0.0,0.0,0.0,0.0,0.0,0.0,0.0,0.0,0.0,0.0,0.0,1.0,0.0,0.0,0.0,0.0,3.761176872
20260123_ectomycorrhizal_only_alphaearth_center.csv,FMS22936v2,0.19986159,-0.044844292,-0.11909266,-0.022206843,0.08882737,0.09842368,0.007443291,0.19986159,0.11909266,-0.007443291,-0.075355634,0.044844292,-0.17279507,0.13016532,0.017777778,0.1417301,-0.09842368,-0.03254133,0.31889275,-0.11909266,0.13016532,-0.11374087,0.103406385,-0.03254133,0.08882737,0.1417301,-0.25990003,0.0022145328,-0.010396002,-0.02460592,-0.0039369473,0.02460592,-0.06299116,0.017777778,-0.008858131,-0.041584007,-0.19986159,0.00153787,-0.11909266,-0.03844675,-0.19291042,0.0022145328,0.13588619,-0.103406385,-0.035432525,0.2069358,-0.2069358,-0.01574779,-0.0009842368,-0.05173395,-0.03844675,-0.12456747,0.09356401,0.2679585,0.14769705,0.022206843,-0.09842368,0.25196463,-0.11909266,-0.03254133,0.30142254,-0.0039369473,0.103406385,-0.004982699,1,0,0,1,0,,,,,,,,,,,,,,,,,100.0,0.5,5,,6,,-120.7791672|39.26250076,4,-120.7791672,39.26250076,-120.78,39.26,2011.0,0.0,0.0,0.0,0.0,0.0,0.0,0.0,0.0,0.0,0.0,0.0,0.0,0.0,0.0,0.0,0.0,0.0,0.0,1.0,0.0,0.0,0.0,0.0,3.614263676
20260123_ectomycorrhizal_only_alphaearth_center.csv,S003061,0.16633603,0.012056901,-0.12456747,0.11374087,0.103406385,0.06698962,0.017777778,-0.03844675,0.10851211,-0.075355634,-0.01574779,-0.044844292,-0.2364629,-0.13016532,0.08421376,0.11909266,-0.027128028,-0.029773165,-0.103406385,0.08882737,-0.103406385,-0.09842368,0.048227604,0.11909266,0.13016532,0.1417301,-0.21413302,-0.1417301,0.2679585,0.004982699,-0.08882737,0.08882737,0.08882737,0.03844675,0.0005536332,-0.004982699,0.0039369473,0.08882737,-0.24415225,-0.09356401,0.059115727,0.022206843,0.08421376,-0.16633603,0.16,0.32781237,0.041584007,-0.19291042,-0.07972319,-0.019930797,0.05173395,0.06698962,0.16633603,0.25196463,0.075355634,-0.075355634,-0.08882737,-0.103406385,0.055363324,-0.14769705,0.25196463,-0.022206843,0.16633603,-0.13016532,1,0,0,1,0,,,,,,,,,,,,,,,,,0.005,0.2,5,,4,,-119.9124985|37.8125,4,-119.9124985,37.8125,-119.91283,37.81261,2011.0,0.0,0.0,0.0,0.0,0.0,0.0,0.0,0.0,0.0,0.0,0.0,0.0,0.0,1.0,0.0,0.0,0.0,0.0,0.0,0.0,0.0,0.0,0.0,0.0
20260123_ectomycorrhizal_only_alphaearth_center.csv,FMS17342v2,0.16,0.2214533,0.03254133,0.19986159,0.05173395,0.048227604,-0.017777778,0.09842368,-0.059115727,-0.055363324,0.10851211,-0.13588619,-0.24415225,-0.13588619,0.11374087,0.08882737,-0.010396002,-0.0030142253,0.25196463,-0.09356401,-0.01574779,-0.11374087,-0.059115727,0.03254133,-0.16633603,0.2364629,0.017777778,-0.06299116,0.048227604,0.103406385,0.09356401,-0.03844675,0.10851211,-0.19986159,0.059115727,-0.08421376,0.027128028,-0.019930797,-0.25196463,0.03254133,0.37425604,-0.07972319,0.16,-0.2214533,0.029773165,0.153787,0.11909266,-0.06698962,-0.07111111,-0.16633603,-0.1417301,-0.027128028,0.03844675,-0.05173395,0.08882737,0.103406385,-0.11909266,-0.12456747,-0.03254133,-0.12456747,0.0009842368,0.055363324,0.14769705,0.019930797,0,1,0,1,0,,,,,,,,,,,,,,,,,100.0,0.5,13,,10,,-115.7958298|33.75416565,6,-115.7958298,33.75416565,-115.79572,33.754262,2009.0,0.0,0.0,0.0,1.0,0.0,0.0,0.0,0.0,0.0,0.0,0.0,0.0,0.0,0.0,0.0,0.0,0.0,0.0,0.0,0.0,0.0,0.0,0.0,3.042472754
20260123_ectomycorrhizal_only_alphaearth_center.csv,S003094,0.14769705,-0.25196463,-0.05173395,-0.017777778,0.01574779,0.019930797,0.01574779,0.07111111,-0.075355634,0.13016532,0.09842368,0.16,-0.027128028,0.029773165,0.0022145328,0.103406385,-0.075355634,0.08421376,0.2364629,-0.21413302,0.08421376,-0.14769705,0.09842368,-0.19291042,-0.013840831,0.027128028,-0.34602076,0.103406385,0.055363324,-0.041584007,0.044844292,0.13588619,0.06698962,0.048227604,0.029773165,-0.03844675,-0.019930797,0.13588619,-0.19291042,-0.07111111,-0.21413302,0.09356401,-0.13016532,0.103406385,-0.11909266,0.13016532,-0.16,-0.19291042,0.0022145328,-0.06698962,0.03844675,-0.06698962,0.022206843,0.25196463,0.27613994,0.06299116,-0.11909266,-0.019930797,-0.12456747,-0.08421376,0.12456747,0.12456747,0.13588619,0.010396002,1,0,0,1,0,,,,,,,,,,,,,,,,,0.005,0.2,5,,8,,-119.4375|37.85416794,4,-119.4375,37.85416794,-119.44064,37.85158,2012.0,0.0,0.0,0.0,0.0,0.0,0.0,0.0,0.0,0.0,0.0,0.0,0.0,0.0,1.0,0.0,0.0,0.0,0.0,0.0,0.0,0.0,0.0,0.0,0.0
20260123_ectomycorrhizal_only_alphaearth_center.csv,FMS22941v2,0.19986159,-0.044844292,-0.11909266,-0.022206843,0.08882737,0.09842368,0.007443291,0.19986159,0.11909266,-0.007443291,-0.075355634,0.044844292,-0.17279507,0.13016532,0.017777778,0.1417301,-0.09842368,-0.03254133,0.31889275,-0.11909266,0.13016532,-0.11374087,0.103406385,-0.03254133,0.08882737,0.1417301,-0.25990003,0.0022145328,-0.010396002,-0.02460592,-0.0039369473,0.02460592,-0.06299116,0.017777778,-0.008858131,-0.041584007,-0.19986159,0.00153787,-0.11909266,-0.03844675,-0.19291042,0.0022145328,0.13588619,-0.103406385,-0.035432525,0.2069358,-0.2069358,-0.01574779,-0.0009842368,-0.05173395,-0.03844675,-0.12456747,0.09356401,0.2679585,0.14769705,0.022206843,-0.09842368,0.25196463,-0.11909266,-0.03254133,0.30142254,-0.0039369473,0.103406385,-0.004982699,1,0,0,1,0,,,,,,,,,,,,,,,,,100.0,0.5,5,,3,,-120.7791672|39.26250076,4,-120.7791672,39.26250076,-120.78,39.26,2011.0,0.0,0.0,0.0,0.0,0.0,0.0,0.0,0.0,0.0,0.0,0.0,0.0,0.0,0.0,0.0,0.0,0.0,0.0,1.0,0.0,0.0,0.0,0.0,2.840539384
20260123_ectomycorrhizal_only_alphaearth_center.csv,FMS22931v2,0.19986159,-0.044844292,-0.11909266,-0.022206843,0.08882737,0.09842368,0.007443291,0.19986159,0.11909266,-0.007443291,-0.075355634,0.044844292,-0.17279507,0.13016532,0.017777778,0.1417301,-0.09842368,-0.03254133,0.31889275,-0.11909266,0.13016532,-0.11374087,0.103406385,-0.03254133,0.08882737,0.1417301,-0.25990003,0.0022145328,-0.010396002,-0.02460592,-0.0039369473,0.02460592,-0.06299116,0.017777778,-0.008858131,-0.041584007,-0.19986159,0.00153787,-0.11909266,-0.03844675,-0.19291042,0.0022145328,0.13588619,-0.103406385,-0.035432525,0.2069358,-0.2069358,-0.01574779,-0.0009842368,-0.05173395,-0.03844675,-0.12456747,0.09356401,0.2679585,0.14769705,0.022206843,-0.09842368,0.25196463,-0.11909266,-0.03254133,0.30142254,-0.0039369473,0.103406385,-0.004982699,1,0,0,1,0,,,,,,,,,,,,,,,,,100.0,0.5,5,,10,,-120.7791672|39.26250076,4,-120.7791672,39.26250076,-120.78,39.26,2011.0,0.0,0.0,0.0,0.0,0.0,0.0,0.0,0.0,0.0,0.0,0.0,0.0,0.0,0.0,0.0,0.0,0.0,0.0,1.0,0.0,0.0,0.0,0.0,4.559000574
20260123_ectomycorrhizal_only_alphaearth_center.csv,GF4T1327otu,0.06299116,-0.041584007,-0.08421376,0.06299116,0.08421376,0.022206843,0.103406385,-0.0009842368,0.0022145328,-0.18608227,0.07972319,-0.06698962,-0.21413302,-0.153787,0.09842368,0.10851211,-0.07111111,-0.044844292,-0.11909266,-0.019930797,0.103406385,0.02460592,0.059115727,0.075355634,0.029773165,0.17937717,-0.05173395,0.13588619,0.14769705,0.059115727,0.14769705,-0.05173395,0.16,-0.007443291,-0.13016532,0.02460592,0.055363324,0.103406385,-0.17279507,0.06299116,0.3100961,-0.37425604,0.18608227,-0.09356401,0.13588619,0.010396002,0.059115727,-0.10851211,-0.019930797,-0.14769705,-0.06299116,0.041584007,0.10851211,0.08421376,-0.075355634,-0.2214533,0.008858131,-0.12456747,-0.12456747,-0.153787,0.2679585,0.02460592,0.19986159,0.06299116,0,0,0,1,0,,,,,,,,,,,,,,,,,2500.0,2.0,12,,3,,-117.6875|33.74583435,6,-117.6875,33.74583435,-117.69,33.75,2014.0,0.0,1.0,0.0,0.0,0.0,0.0,0.0,0.0,0.0,0.0,0.0,0.0,0.0,0.0,0.0,0.0,0.0,0.0,0.0,0.0,0.0,0.0,1.0,4.618865947
20260123_ectomycorrhizal_only_alphaearth_center.csv,GF4T287otu,0.1417301,-0.004982699,-0.13588619,0.06299116,0.103406385,-0.012056901,0.10851211,0.2214533,0.24415225,-0.12456747,0.07111111,0.017777778,-0.21413302,-0.048227604,0.16,0.10851211,0.11909266,-0.01574779,-0.21413302,0.02460592,0.075355634,-0.06698962,-0.055363324,-0.00153787,0.17937717,0.19291042,-0.08421376,0.03254133,0.14769705,0.18608227,-0.13588619,0.06698962,0.010396002,0.21413302,-0.02460592,-0.08882737,-0.007443291,0.06698962,-0.1417301,0.035432525,0.05173395,-0.14769705,0.25990003,-0.11909266,0.03254133,0.075355634,-0.08882737,0.16633603,0.14769705,0.0002460592,-0.044844292,-0.103406385,0.035432525,0.22889657,0.18608227,-0.08882737,0.06698962,-0.017777778,0.012056901,0.08421376,0.21413302,-0.153787,0.16633603,0.13016532,0,0,0,1,0,,,,,,,,,,,,,,,,,2500.0,2.0,12,,1,,-122.2375031|37.87083435,4,-122.2375031,37.87083435,-122.24,37.87,2016.0,0.0,1.0,0.0,0.0,0.0,0.0,0.0,0.0,0.0,0.0,0.0,0.0,0.0,0.0,0.0,0.0,0.0,0.0,0.0,0.0,0.0,0.0,1.0,5.553614434
20260123_ectomycorrhizal_only_alphaearth_center.csv,FMS22829v2,0.10851211,-0.07972319,-0.19291042,0.07111111,0.055363324,0.00615148,-0.059115727,0.17279507,0.09356401,-0.07972319,0.08421376,0.06299116,-0.14769705,0.041584007,0.1417301,0.07111111,0.09842368,-0.07111111,0.029773165,-0.017777778,0.08882737,-0.2214533,0.0030142253,0.06299116,0.2214533,0.06698962,-0.16,-0.06299116,-0.041584007,0.029773165,-0.035432525,0.07972319,0.07111111,0.019930797,-0.09356401,-0.13016532,-0.18608227,0.13016532,-0.059115727,0.027128028,-0.2069358,-0.11374087,0.16,-0.07111111,0.03254133,0.28444445,-0.029773165,0.075355634,0.13016532,0.09842368,-0.0022145328,-0.16633603,-0.0002460592,0.25196463,0.3100961,0.11909266,-0.06299116,0.059115727,-0.11909266,-0.10851211,0.3100961,0.029773165,0.17937717,0.08421376,1,0,0,1,0,,,,,,,,,,,,,,,,,100.0,0.5,5,,7,,-121.0374985|39.55416489,4,-121.0374985,39.55416489,-121.04,39.55,2011.0,0.0,0.0,0.0,0.0,0.0,0.0,0.0,0.0,0.0,0.0,0.0,0.0,0.0,0.0,0.0,0.0,0.0,0.0,1.0,0.0,0.0,0.0,0.0,4.071706946
20260123_ectomycorrhizal_only_alphaearth_center.csv,S000814,0.08882737,-0.075355634,-0.03844675,0.2069358,0.16,0.05173395,-0.0030142253,0.06698962,0.05173395,-0.0030142253,0.027128028,-0.13016532,-0.2214533,-0.22889657,0.075355634,0.19986159,0.019930797,0.004982699,-0.1417301,-0.044844292,0.06299116,0.012056901,0.027128028,0.13016532,0.13016532,0.29287198,-0.09356401,0.09842368,0.16,0.1417301,-0.0039369473,-0.14769705,0.16633603,-0.12456747,-0.07972319,-0.13016532,-0.02460592,0.02460592,-0.2364629,0.10851211,0.055363324,-0.19986159,0.19291042,-0.17937717,0.21413302,0.11909266,0.0030142253,-0.11909266,0.029773165,0.05173395,-0.13588619,0.06299116,-0.059115727,0.17279507,-0.00153787,-0.18608227,0.08882737,-0.07111111,0.0030142253,-0.08882737,0.24415225,-0.02460592,0.075355634,-0.013840831,1,0,0,1,0,,,,,,,,,,,,,,,,,0.002,2.0,12,,1,,-120.5791702|37.84583282,4,-120.5791702,37.84583282,-120.5805054,37.84895325,2012.0,0.0,0.0,0.0,0.0,0.0,0.0,0.0,0.0,0.0,0.0,0.0,0.0,0.0,0.0,0.0,0.0,0.0,0.0,1.0,0.0,0.0,0.0,0.0,4.179237058
20260123_ectomycorrhizal_only_alphaearth_center.csv,GF4T286otu,0.2214533,-0.08421376,-0.035432525,-0.007443291,0.11909266,0.035432525,-0.103406385,0.041584007,-0.12456747,-0.044844292,0.07111111,-0.044844292,-0.2679585,-0.1417301,0.1417301,-0.017777778,0.08421376,-0.09842368,-0.16633603,0.1417301,-0.035432525,-0.08882737,-0.13588619,-0.012056901,0.06698962,0.013840831,-0.17279507,-0.048227604,0.07111111,0.10851211,0.055363324,-0.010396002,0.2214533,-0.0022145328,-0.21413302,0.05173395,-0.059115727,0.103406385,-0.28444445,0.16,-0.19986159,0.09356401,0.075355634,-0.09842368,0.12456747,0.32781237,0.035432525,-0.13016532,0.048227604,0.022206843,-0.03254133,-0.013840831,0.0005536332,0.14769705,0.00615148,-0.05173395,-0.029773165,-0.08421376,-0.0009842368,-0.01574779,0.31889275,-0.2364629,0.03844675,-0.075355634,0,0,0,1,0,,,,,,,,,,,,,,,,,2500.0,2.0,5,,3,,-120.9291687|39.01250076,4,-120.9291687,39.01250076,-120.93,39.01,2016.0,0.0,1.0,0.0,0.0,0.0,0.0,0.0,0.0,0.0,0.0,0.0,0.0,0.0,0.0,0.0,0.0,0.0,0.0,0.0,0.0,0.0,0.0,1.0,6.551831483
20260123_ectomycorrhizal_only_alphaearth_center.csv,FMS22811v2,0.10851211,-0.07972319,-0.19291042,0.07111111,0.055363324,0.00615148,-0.059115727,0.17279507,0.09356401,-0.07972319,0.08421376,0.06299116,-0.14769705,0.041584007,0.1417301,0.07111111,0.09842368,-0.07111111,0.029773165,-0.017777778,0.08882737,-0.2214533,0.0030142253,0.06299116,0.2214533,0.06698962,-0.16,-0.06299116,-0.041584007,0.029773165,-0.035432525,0.07972319,0.07111111,0.019930797,-0.09356401,-0.13016532,-0.18608227,0.13016532,-0.059115727,0.027128028,-0.2069358,-0.11374087,0.16,-0.07111111,0.03254133,0.28444445,-0.029773165,0.075355634,0.13016532,0.09842368,-0.0022145328,-0.16633603,-0.0002460592,0.25196463,0.3100961,0.11909266,-0.06299116,0.059115727,-0.11909266,-0.10851211,0.3100961,0.029773165,0.17937717,0.08421376,1,0,0,1,0,,,,,,,,,,,,,,,,,100.0,0.5,5,,3,,-121.0374985|39.55416489,4,-121.0374985,39.55416489,-121.04,39.55,2011.0,0.0,0.0,0.0,0.0,0.0,0.0,0.0,0.0,0.0,0.0,0.0,0.0,0.0,0.0,0.0,0.0,0.0,0.0,1.0,0.0,0.0,0.0,0.0,3.740475203
20260123_ectomycorrhizal_only_alphaearth_center.csv,FMS22927v2,0.19986159,-0.044844292,-0.11909266,-0.022206843,0.08882737,0.09842368,0.007443291,0.19986159,0.11909266,-0.007443291,-0.075355634,0.044844292,-0.17279507,0.13016532,0.017777778,0.1417301,-0.09842368,-0.03254133,0.31889275,-0.11909266,0.13016532,-0.11374087,0.103406385,-0.03254133,0.08882737,0.1417301,-0.25990003,0.0022145328,-0.010396002,-0.02460592,-0.0039369473,0.02460592,-0.06299116,0.017777778,-0.008858131,-0.041584007,-0.19986159,0.00153787,-0.11909266,-0.03844675,-0.19291042,0.0022145328,0.13588619,-0.103406385,-0.035432525,0.2069358,-0.2069358,-0.01574779,-0.0009842368,-0.05173395,-0.03844675,-0.12456747,0.09356401,0.2679585,0.14769705,0.022206843,-0.09842368,0.25196463,-0.11909266,-0.03254133,0.30142254,-0.0039369473,0.103406385,-0.004982699,1,0,0,1,0,,,,,,,,,,,,,,,,,100.0,0.5,5,,1,,-120.7791672|39.26250076,4,-120.7791672,39.26250076,-120.78,39.26,2011.0,0.0,0.0,0.0,0.0,0.0,0.0,0.0,0.0,0.0,0.0,0.0,0.0,0.0,0.0,0.0,0.0,0.0,0.0,1.0,0.0,0.0,0.0,0.0,4.634593057
20260123_ectomycorrhizal_only_alphaearth_center.csv,FMS22928v2,0.19986159,-0.044844292,-0.11909266,-0.022206843,0.08882737,0.09842368,0.007443291,0.19986159,0.11909266,-0.007443291,-0.075355634,0.044844292,-0.17279507,0.13016532,0.017777778,0.1417301,-0.09842368,-0.03254133,0.31889275,-0.11909266,0.13016532,-0.11374087,0.103406385,-0.03254133,0.08882737,0.1417301,-0.25990003,0.0022145328,-0.010396002,-0.02460592,-0.0039369473,0.02460592,-0.06299116,0.017777778,-0.008858131,-0.041584007,-0.19986159,0.00153787,-0.11909266,-0.03844675,-0.19291042,0.0022145328,0.13588619,-0.103406385,-0.035432525,0.2069358,-0.2069358,-0.01574779,-0.0009842368,-0.05173395,-0.03844675,-0.12456747,0.09356401,0.2679585,0.14769705,0.022206843,-0.09842368,0.25196463,-0.11909266,-0.03254133,0.30142254,-0.0039369473,0.103406385,-0.004982699,1,0,0,1,0,,,,,,,,,,,,,,,,,100.0,0.5,5,,5,,-120.7791672|39.26250076,4,-120.7791672,39.26250076,-120.78,39.26,2011.0,0.0,0.0,0.0,0.0,0.0,0.0,0.0,0.0,0.0,0.0,0.0,0.0,0.0,0.0,0.0,0.0,0.0,0.0,1.0,0.0,0.0,0.0,0.0,3.088402583
20260123_ectomycorrhizal_only_alphaearth_center.csv,FMS22932v2,0.19986159,-0.044844292,-0.11909266,-0.022206843,0.08882737,0.09842368,0.007443291,0.19986159,0.11909266,-0.007443291,-0.075355634,0.044844292,-0.17279507,0.13016532,0.017777778,0.1417301,-0.09842368,-0.03254133,0.31889275,-0.11909266,0.13016532,-0.11374087,0.103406385,-0.03254133,0.08882737,0.1417301,-0.25990003,0.0022145328,-0.010396002,-0.02460592,-0.0039369473,0.02460592,-0.06299116,0.017777778,-0.008858131,-0.041584007,-0.19986159,0.00153787,-0.11909266,-0.03844675,-0.19291042,0.0022145328,0.13588619,-0.103406385,-0.035432525,0.2069358,-0.2069358,-0.01574779,-0.0009842368,-0.05173395,-0.03844675,-0.12456747,0.09356401,0.2679585,0.14769705,0.022206843,-0.09842368,0.25196463,-0.11909266,-0.03254133,0.30142254,-0.0039369473,0.103406385,-0.004982699,1,0,0,1,0,,,,,,,,,,,,,,,,,100.0,0.5,5,,7,,-120.7791672|39.26250076,4,-120.7791672,39.26250076,-120.78,39.26,2011.0,0.0,0.0,0.0,0.0,0.0,0.0,0.0,0.0,0.0,0.0,0.0,0.0,0.0,0.0,0.0,0.0,0.0,0.0,1.0,0.0,0.0,0.0,0.0,5.438005401
20260123_ectomycorrhizal_only_alphaearth_center.csv,FMS22827v2,0.10851211,-0.07972319,-0.19291042,0.07111111,0.055363324,0.00615148,-0.059115727,0.17279507,0.09356401,-0.07972319,0.08421376,0.06299116,-0.14769705,0.041584007,0.1417301,0.07111111,0.09842368,-0.07111111,0.029773165,-0.017777778,0.08882737,-0.2214533,0.0030142253,0.06299116,0.2214533,0.06698962,-0.16,-0.06299116,-0.041584007,0.029773165,-0.035432525,0.07972319,0.07111111,0.019930797,-0.09356401,-0.13016532,-0.18608227,0.13016532,-0.059115727,0.027128028,-0.2069358,-0.11374087,0.16,-0.07111111,0.03254133,0.28444445,-0.029773165,0.075355634,0.13016532,0.09842368,-0.0022145328,-0.16633603,-0.0002460592,0.25196463,0.3100961,0.11909266,-0.06299116,0.059115727,-0.11909266,-0.10851211,0.3100961,0.029773165,0.17937717,0.08421376,1,0,0,1,0,,,,,,,,,,,,,,,,,100.0,0.5,5,,8,,-121.0374985|39.55416489,4,-121.0374985,39.55416489,-121.04,39.55,2011.0,0.0,0.0,0.0,0.0,0.0,0.0,0.0,0.0,0.0,0.0,0.0,0.0,0.0,0.0,0.0,0.0,0.0,0.0,1.0,0.0,0.0,0.0,0.0,4.575689893
20260123_ectomycorrhizal_only_alphaearth_center.csv,FMS22813v2,0.10851211,-0.07972319,-0.19291042,0.07111111,0.055363324,0.00615148,-0.059115727,0.17279507,0.09356401,-0.07972319,0.08421376,0.06299116,-0.14769705,0.041584007,0.1417301,0.07111111,0.09842368,-0.07111111,0.029773165,-0.017777778,0.08882737,-0.2214533,0.0030142253,0.06299116,0.2214533,0.06698962,-0.16,-0.06299116,-0.041584007,0.029773165,-0.035432525,0.07972319,0.07111111,0.019930797,-0.09356401,-0.13016532,-0.18608227,0.13016532,-0.059115727,0.027128028,-0.2069358,-0.11374087,0.16,-0.07111111,0.03254133,0.28444445,-0.029773165,0.075355634,0.13016532,0.09842368,-0.0022145328,-0.16633603,-0.0002460592,0.25196463,0.3100961,0.11909266,-0.06299116,0.059115727,-0.11909266,-0.10851211,0.3100961,0.029773165,0.17937717,0.08421376,1,0,0,1,0,,,,,,,,,,,,,,,,,100.0,0.5,5,,5,,-121.0374985|39.55416489,4,-121.0374985,39.55416489,-121.04,39.55,2011.0,0.0,0.0,0.0,0.0,0.0,0.0,0.0,0.0,0.0,0.0,0.0,0.0,0.0,0.0,0.0,0.0,0.0,0.0,1.0,0.0,0.0,0.0,0.0,0.6931471806
20260123_ectomycorrhizal_only_alphaearth_center.csv,FMS22818v2,0.10851211,-0.07972319,-0.19291042,0.07111111,0.055363324,0.00615148,-0.059115727,0.17279507,0.09356401,-0.07972319,0.08421376,0.06299116,-0.14769705,0.041584007,0.1417301,0.07111111,0.09842368,-0.07111111,0.029773165,-0.017777778,0.08882737,-0.2214533,0.0030142253,0.06299116,0.2214533,0.06698962,-0.16,-0.06299116,-0.041584007,0.029773165,-0.035432525,0.07972319,0.07111111,0.019930797,-0.09356401,-0.13016532,-0.18608227,0.13016532,-0.059115727,0.027128028,-0.2069358,-0.11374087,0.16,-0.07111111,0.03254133,0.28444445,-0.029773165,0.075355634,0.13016532,0.09842368,-0.0022145328,-0.16633603,-0.0002460592,0.25196463,0.3100961,0.11909266,-0.06299116,0.059115727,-0.11909266,-0.10851211,0.3100961,0.029773165,0.17937717,0.08421376,1,0,0,1,0,,,,,,,,,,,,,,,,,100.0,0.5,5,,6,,-121.0374985|39.55416489,4,-121.0374985,39.55416489,-121.04,39.55,2011.0,0.0,0.0,0.0,0.0,0.0,0.0,0.0,0.0,0.0,0.0,0.0,0.0,0.0,0.0,0.0,0.0,0.0,0.0,1.0,0.0,0.0,0.0,0.0,4.029752736
20260123_ectomycorrhizal_only_alphaearth_center.csv,FMS22814v2,0.10851211,-0.07972319,-0.19291042,0.07111111,0.055363324,0.00615148,-0.059115727,0.17279507,0.09356401,-0.07972319,0.08421376,0.06299116,-0.14769705,0.041584007,0.1417301,0.07111111,0.09842368,-0.07111111,0.029773165,-0.017777778,0.08882737,-0.2214533,0.0030142253,0.06299116,0.2214533,0.06698962,-0.16,-0.06299116,-0.041584007,0.029773165,-0.035432525,0.07972319,0.07111111,0.019930797,-0.09356401,-0.13016532,-0.18608227,0.13016532,-0.059115727,0.027128028,-0.2069358,-0.11374087,0.16,-0.07111111,0.03254133,0.28444445,-0.029773165,0.075355634,0.13016532,0.09842368,-0.0022145328,-0.16633603,-0.0002460592,0.25196463,0.3100961,0.11909266,-0.06299116,0.059115727,-0.11909266,-0.10851211,0.3100961,0.029773165,0.17937717,0.08421376,1,0,0,1,0,,,,,,,,,,,,,,,,,100.0,0.5,5,,3,,-121.0374985|39.55416489,4,-121.0374985,39.55416489,-121.04,39.55,2011.0,0.0,0.0,0.0,0.0,0.0,0.0,0.0,0.0,0.0,0.0,0.0,0.0,0.0,0.0,0.0,0.0,0.0,0.0,1.0,0.0,0.0,0.0,0.0,4.829153412
20260123_ectomycorrhizal_only_alphaearth_center.csv,FMS17345v2,0.17937717,0.17937717,0.11374087,0.16,0.059115727,0.0022145328,0.013840831,0.09842368,-0.11374087,-0.059115727,0.11374087,-0.13588619,-0.29287198,-0.13588619,0.09356401,0.05173395,0.019930797,0.035432525,0.2679585,-0.13588619,0.00615148,-0.12456747,-0.11909266,0.00615148,-0.16,0.17279507,-0.02460592,-0.012056901,0.022206843,0.07972319,0.11374087,-0.09842368,0.06698962,-0.13588619,-0.059115727,-0.09356401,0.0030142253,0.044844292,-0.30142254,0.103406385,0.37425604,-0.048227604,0.16633603,-0.2069358,-0.022206843,0.18608227,0.07972319,-0.08421376,-0.08882737,-0.14769705,-0.16633603,0.05173395,0.08421376,-0.07111111,0.075355634,0.08882737,-0.12456747,-0.059115727,-0.022206843,-0.048227604,-0.027128028,-0.0022145328,0.07111111,-0.0022145328,0,1,0,1,0,,,,,,,,,,,,,,,,,100.0,0.5,13,,8,,-115.8125|33.75416565,6,-115.8125,33.75416565,-115.811803,33.750666,2009.0,0.0,0.0,0.0,1.0,0.0,0.0,0.0,0.0,0.0,0.0,0.0,0.0,0.0,0.0,0.0,0.0,0.0,0.0,0.0,0.0,0.0,0.0,0.0,2.407755609
20260123_ectomycorrhizal_only_alphaearth_center.csv,GF4T283otu,0.048227604,-0.007443291,-0.013840831,-0.044844292,0.11374087,-0.01574779,0.059115727,0.007443291,-0.153787,-0.029773165,-0.05173395,-0.19986159,-0.029773165,-0.048227604,-0.08882737,0.03844675,0.05173395,0.18608227,0.03254133,-0.2364629,-0.027128028,0.01574779,-0.11909266,-0.044844292,0.019930797,0.027128028,-0.035432525,0.012056901,0.18608227,0.2214533,0.027128028,-0.041584007,0.16633603,0.08421376,0.012056901,-0.09356401,0.048227604,0.19291042,-0.2364629,0.02460592,0.02460592,0.07111111,0.06299116,-0.2679585,0.13588619,0.1417301,0.02460592,0.1417301,0.10851211,-0.19291042,0.022206843,-0.13016532,0.09356401,0.10851211,0.25990003,0.19291042,-0.13588619,-0.25990003,-0.08882737,0.03844675,0.2069358,-0.06299116,0.19291042,0.2069358,0,0,0,1,0,,,,,,,,,,,,,,,,,2500.0,2.0,13,,1,,-120.0708313|39.78749847,4,-120.0708313,39.78749847,-120.07,39.79,2016.0,0.0,1.0,0.0,0.0,0.0,0.0,0.0,0.0,0.0,0.0,0.0,0.0,0.0,0.0,0.0,0.0,0.0,0.0,0.0,0.0,0.0,0.0,1.0,3.783166425
