sample_id,longitude,latitude,year_of_sampling
S5669,-119.69187,54.81258,2016
S1697,-73.37,45.72,2011
S1051,-47.48055556,-13.56055556,2016
S2094,-113.35,48.4666667,NA_
S3339,-117.970426,54.58351057,2016
S3650,111.0394444,29.6544444,2012
S5427,-118.60254,53.87838,2016
S2064,111.7088,38.3965,2010
S1286,-16.31777778,28.53166667,2017
S3731,-82.44166667,29.735,2012
S5053,92.745,55.91472222,2016
S5833,9.460072222,48.4587139,2011
S2409,112.53,23.17,2015
S5795,-119.69187,54.81258,2016
S3473,109.5775,19.43222222,2018
S7245,-117.33073,53.8039,2016
S1195,109.4961111,18.28472222,2018
S2024,22.61083333,-33.97861111,2016
S2100,-113.35,48.4666667,NA_
S2781,114.26951,33.42504,2015
S1951,115.00036,36.25369,2015
S6718,-113.35,48.4666667,NA_
S4937,-116.593305,54.20218352,2016
S5802,-119.099106,56.24936834,2016
S7384,-116.593305,54.20218352,2016
S5558,-118.483517,54.16046856,2016
S3893,9.460072222,48.4587139,2011
S1101,111.0502778,29.6677778,2012
S6999,-73.37,45.72,2011
S3769,-79.8434,9.110057,2012
S5313,9.460072222,48.4587139,2011
S5564,34.45741,-18.934019,2014
S7077,-116.593305,54.20218352,2016
S1991,3.01889,39.83495,2018
S5398,-155.3070028,19.8329472,2017
S1663,29.19473333,-26.0035,2017
S6421,-119.097777,56.26112706,2016
S3069,109.0697222,19.4825,2018
S3053,-155.3159722,19.8209611,2017
S7027,-155.3159722,19.8209611,2017
S5631,-155.3102889,19.8328028,2017
S6775,-155.3176528,19.8207917,2017
S2035,109.892,36.7461,2010
S4388,-155.3170028,19.8208167,2017
S5361,9.460072222,48.4587139,2011
S6085,-73.37,45.72,2011
S2005,29.19116667,-26.00301667,2017
S4351,34.3764,-18.928533,2014
S6612,-155.3176528,19.8207917,2017
S3973,-87.3515,20.4444,2013
S4140,-155.3176528,19.8207917,2017
S5175,-64.185601,-31.56004,2015
S4401,-79.8434,9.110057,2012
S1220,120.8943,46.7175,2010
S2149,9.460072222,48.4587139,2011
S5082,-155.3170028,19.8208167,2017
S3372,-87.3484,20.4429,2013
S7120,-107.6833333,50.3,2011
S7586,-2.833333,37.4,2011
S4834,34.37243,-18.9478833,2014
S3824,142.6041667,43.28833333,2010
S1065,3.01889,39.83495,2018
S4346,-119.99912,54.66892,2016
S6478,-117.33073,53.8039,2016
S4649,99.30027778,25.26583333,2014
S947,-87.2068,21.2103,2013
S7793,-113.35,48.4666667,NA_
S1775,26.66472222,58.36083333,2014
S4146,-155.3263889,19.82154722,2017
S1620,-113.35,48.4666667,NA_
S5314,9.460072222,48.4587139,2011
S3519,-155.3010472,19.8330056,2017
S4128,-155.3251139,19.82215833,2017
S2924,-155.3010472,19.8330056,2017
S6896,-116.60558,54.2374,2016
S4465,-155.3261611,19.8219194,2017
S7021,-155.3176528,19.8207917,2017
S3935,9.460072222,48.4587139,2011
S5016,-2.833333,37.4,2011
S2240,19.539261,60.218431,2015
S6310,-117.968734,54.58128419,2016
S2798,111.91027,32.54168,2015
S5522,-155.3070028,19.8329472,2017
S1476,114.979,36.28419,2015
S3422,147.1175,-7.305555556,2011
S2260,110.3036111,22.64055556,2018
S4430,9.460072222,48.4587139,2011
S1648,116.2833333,42.0333333,2011
S7018,107.63,40.55,2015
S6016,27.2624,58.2986,2009
S4168,-155.3251139,19.82215833,2017
S2122,19.800608,60.334578,2015
S3733,41.68972222,43.43777778,2018
S6261,-117.968734,54.58128419,2016
S1430,-87.3514,20.4445,2013
S1126,-6.553455556,5.834619444,2012
S4960,104.0644444,10.62722222,2018
S2670,20.275303,60.130361,2015
S6428,-116.921555,53.33712817,2016
S2299,9.460072222,48.4587139,2011
S1421,-87.2034,21.2103,2013
S6241,-117.968734,54.58128419,2016
S5322,-118.483517,54.16046856,2016
S3739,28.75527778,-2.311111111,2018
S6579,-155.3102889,19.8328028,2017
S3610,9.460072222,48.4587139,2011
S5912,-155.3170028,19.8208167,2017
S1184,110.3758333,22.66472222,2018
S1217,115.4244444,39.95722222,2012
S5165,9.460072222,48.4587139,2011
S988,-6.503919444,5.25445,2012
S1251,29.19688333,-26.00571667,2017
S5730,10.417922,51.271275,2011
S6254,-117.734429,53.93828319,2016
S922,103.3469444,35.47361111,2014
S2672,-64.208686,-31.575274,2015
S5178,-155.3010472,19.8330056,2017
S5970,-155.3261611,19.8219194,2017
S1311,-73.37,45.72,2011
S5392,-116.921555,53.33712817,2016
S7180,-113.35,48.4666667,NA_
S1411,108.1666667,34.35,2015
S2012,34.183483,-19.01925,2014
S5537,-155.3102889,19.8328028,2017
S1365,-113.35,48.4666667,NA_
S6346,-119.99912,54.66892,2016
S3488,-64.185897,-31.559813,2015
S6401,-118.609026,53.86836742,2016
S1636,-64.185656,-31.560563,2015
S2466,-73.37,45.72,2011
S5074,9.460072222,48.4587139,2011
S3986,-155.3070028,19.8329472,2017
S5342,9.460072222,48.4587139,2011
S1551,112.53,23.17,2015
S1354,-155.3046194,19.8333267,2017
S7728,-2.833333,37.4,2011
S1475,114.26951,33.42504,2015
S1810,126.8791667,54.08583333,2018
S5316,9.460072222,48.4587139,2011
S5789,112.5553222,23.1640183,2014
S5805,-116.593305,54.20218352,2016
S1738,-118.762735,54.51051497,2016
S4323,9.460072222,48.4587139,2011
S1450,112.5379672,23.1793539,2014
S989,76.80121,11.40232,2020
S3405,27.2624,58.2986,2009
S6502,-118.665309,53.99518206,2016
S4418,34.45098,-18.937819,2014
S2306,9.460072222,48.4587139,2011
S5557,23.53111111,41.75888889,2015
S3699,9.460072222,48.4587139,2011
S3302,34.362,-18.9713333,2014
S4873,108.715,18.62583333,2018
S5469,-105.0486111,19.50833333,2014
S7032,-113.35,48.4666667,NA_
S4576,-118.042189,54.55991094,2016
S3503,-155.3046194,19.8330333,2017
S2425,10.405344,50.971664,2011
S6869,-155.3046194,19.8333267,2017
S7115,-116.966739,53.32204872,2016
S2615,-54.43083333,-25.69111111,2018
S3845,112.53,23.17,2015
S7246,-155.3046194,19.8330333,2017
S4303,20.26855,60.140636,2015
S4204,9.460072222,48.4587139,2011
S3322,-117.325814,53.42042705,2016
S2497,107.1805,36.7236,2010
S2300,9.460072222,48.4587139,2011
S3948,-117.725821,53.9446358,2016
S2554,115.8218,40.8524,2010
S5600,27.2624,58.2986,2009
S5096,-155.3102889,19.8328028,2017
S3024,106.2122222,24.35888889,2018
S4600,-117.970426,54.58351057,2016
S4733,-155.3099972,19.8326083,2017
S2173,9.460072222,48.4587139,2011
S6523,-118.609026,53.86836742,2016
S996,106.6630556,23.89861111,2018
S6640,9.460072222,48.4587139,2011
S5356,-117.725821,53.9446358,2016
S3631,34.19967,-19.0001,2014
S5948,-57.78694444,48.98944444,2012
S6402,-118.609026,53.86836742,2016
S5484,145.4158333,-6.017222222,2011
S888,-48.8525,-15.81,2016
S1675,4.96319,50.86234,2018
S2333,9.460072222,48.4587139,2011
S3428,9.460072222,48.4587139,2011
S2269,114.88472,37.82851,2015
S6286,-118.756858,54.51953924,2016
S2079,9.460072222,48.4587139,2011
S4266,114.27039,33.36182,2015
S3274,-155.3099972,19.8326083,2017
S4633,19.789183,60.364781,2015
S4978,-155.3170028,19.8208167,2017
S3902,19.928064,60.346503,2015
S7546,-155.3010472,19.8330056,2017
S6649,-117.327002,53.41285736,2016
S5664,9.460072222,48.4587139,2011
S2505,102.0708,36.4503,2010
S5534,-155.3046194,19.8333267,2017
S1672,-48.85222222,-15.81,2016
S5204,-119.99912,54.66892,2016
S4760,-155.3102889,19.8328028,2017
S6427,-117.734429,53.93828319,2016
S1659,9.460072222,48.4587139,2011
S2213,9.460072222,48.4587139,2011
S3892,-155.3159722,19.8209611,2017
S7023,-155.3010472,19.8330056,2017
S6791,-155.3046194,19.8330333,2017
S1598,-52.20916667,4.553333333,2013
S6441,-119.969482,54.63433142,2016
S5590,-117.325814,53.42042705,2016
S6926,-155.3159722,19.8209611,2017
S4163,-155.3251139,19.82215833,2017
S3505,-155.3261611,19.8219194,2017
S3092,110.1,23.07916667,2018
S5205,111.0166667,29.6336111,2012
S4314,-155.3070028,19.8329472,2017
S2311,9.460072222,48.4587139,2011
S6628,-113.35,48.4666667,NA_
S4772,10.405344,50.971664,2011
S4160,-155.3263889,19.82154722,2017
S2327,9.460072222,48.4587139,2011
S1324,115.72,29.29,2018
S4367,-155.3261611,19.8219194,2017
S4141,-155.3263889,19.82154722,2017
S4384,-155.3102889,19.8328028,2017
S6635,4.990823,50.886561,2018
S4968,106.2369,35.6899,2010
S2117,4.98985,50.87237,2018
S6030,34.37243,-18.9478833,2014
S5218,-155.3099972,19.8326083,2017
S4021,9.460072222,48.4587139,2011
S2243,34.375167,-18.9413833,2014
S3440,9.460072222,48.4587139,2011
S7123,19.924192,60.344739,2015
S5781,9.460072222,48.4587139,2011
S6351,-117.329673,53.80416602,2016
S2156,3.01889,39.83495,2018
S2742,9.61,34.53,2014
S5848,9.460072222,48.4587139,2011
S4135,-155.3046194,19.8333267,2017
S2082,9.460072222,48.4587139,2011
S3328,9.460072222,48.4587139,2011
S3234,109.7878,38.1021,2010
S942,-155.3170028,19.8208167,2017
S4360,-155.3263889,19.82154722,2017
S5260,111.2594,37.9478,2010
S5850,-155.3261611,19.8219194,2017
S7577,-64.185656,-31.560563,2015
S6627,-155.3176528,19.8207917,2017
S6153,-155.3263889,19.82154722,2017
S5538,-155.3070028,19.8329472,2017
S3076,-155.3099972,19.8326083,2017
S6480,-118.762735,54.51051497,2016
S2289,9.460072222,48.4587139,2011
S6785,-155.3263889,19.82154722,2017
S3020,9.460072222,48.4587139,2011
S3046,9.460072222,48.4587139,2011
S5258,19.540519,60.217986,2015
S1387,116.9354553,28.2067083,2014
S3859,10.405344,50.971664,2011
S5077,19.594139,60.235531,2015
S4217,118.2438,40.9322,2010
S5955,-116.966739,53.32204872,2016
S7474,47.91694444,-18.91611111,2010
S1770,19.671547,60.213047,2015
S6534,-117.325814,53.42042705,2016
S6167,-155.3099972,19.8326083,2017
S6456,-118.756858,54.51953924,2016
S6809,-2.833333,37.4,2011
S6510,-119.969482,54.63433142,2016
S1171,29.18873333,-25.99995,2017
S3335,-117.970426,54.58351057,2016
S3554,-117.325814,53.42042705,2016
S1627,35.355,-3.075277778,2018
S4005,9.460072222,48.4587139,2011
S6978,-64.185914,-31.560943,2015
S7631,107.41,35.12,2013
S6778,-155.3251139,19.82215833,2017
S6939,-155.3010472,19.8330056,2017
S3634,-155.3176528,19.8207917,2017
S1933,3.01889,39.83495,2018
S4440,-17.25861111,28.12694444,2017
S1508,19.927439,60.346781,2015
S2393,111.0166667,29.6336111,2012
S5931,-107.6833333,50.3,2012
S7502,-117.968734,54.58128419,2016
S4369,-155.3099972,19.8326083,2017
S6468,-118.762735,54.51051497,2016
S3953,-107.6833333,50.3,2012
S4736,9.460072222,48.4587139,2011
S3084,9.460072222,48.4587139,2011
S6203,-155.3102889,19.8328028,2017
S1921,-113.35,48.4666667,NA_
S920,108.1666667,34.35,2015
S6291,-118.756858,54.51953924,2016
S1621,-113.35,48.4666667,NA_
S2790,27.2624,58.2986,2009
S4244,34.45741,-18.934019,2014
S1173,81.90194444,22.37416667,2018
S6204,-117.327002,53.41285736,2016
S1965,17.29638889,60.01472222,2018
S2686,115.72,29.29,2018
S5527,-118.061871,54.56130614,2016
S2901,121.3512,43.3201,2010
S3191,19.671511,60.213008,2015
S6464,-119.097777,56.26112706,2016
S3765,10.39916667,0.617222222,2009
S1848,112.53,23.17,2015
S5862,-155.3046194,19.8333267,2017
S6463,-117.33073,53.8039,2016
S7220,34.45098,-18.937819,2014
S4613,114.5184,40.1842,2010
S1642,112.28,35.2,2016
S3584,117.07359,35.06678,2015
S6742,-155.3046194,19.8333267,2017
S4953,-107.6833333,50.3,2011
S2163,126.8425,45.845556,2014
S1055,3.02,35.07,2018
S5383,9.460072222,48.4587139,2011
S3943,106.2413889,24.28666667,2018
S2405,116.87,-29.12,2017
S7454,-155.3261611,19.8219194,2017
S5078,-74.01138889,11.28416667,2014
S6439,-119.099106,56.24936834,2016
S5098,-107.6833333,50.3,2012
S2046,112.5349142,23.1825644,2014
S1850,29.19605,-26.00796667,2017
S909,115.72,29.29,2018
S3362,34.3764,-18.928533,2014
S2392,115.56705,33.25602,2015
S4985,126.8333333,48.33333333,2017
S3238,-113.35,48.4666667,NA_
S4764,19.924203,60.344756,2015
S1063,103.6694,10.5061,2020
S5779,-117.325814,53.42042705,2016
S5894,-117.970426,54.58351057,2016
S2067,9.460072222,48.4587139,2011
S2178,9.460072222,48.4587139,2011
S5093,-155.3176528,19.8207917,2017
S3086,107.41,35.12,2013
S1753,19.800614,60.334578,2015
S5461,-155.3010472,19.8330056,2017
S7126,172.1930556,-41.76638889,2014
S1295,-44.67055556,-22.39805556,2018
S4363,-155.3251139,19.82215833,2017
S1213,-16.545,28.02888889,2017
S3866,-155.3261611,19.8219194,2017
S1455,107.3718,35.3162,2010
S4245,-155.3170028,19.8208167,2017
S2440,9.460072222,48.4587139,2011
S2586,106.3887,36.6687,2010
S4429,-122.1627778,43.63388889,2016
S5693,125.4333333,43.78333333,2017
S3821,19.927436,60.346783,2015
S4378,-155.3159722,19.8209611,2017
S4225,-73.37,45.72,2011
S4539,-120.5802778,37.84888889,2012
S2804,-87.2034,21.2103,2013
S1654,9.460072222,48.4587139,2011
S4673,-155.3099972,19.8326083,2017
S2847,4.977837,50.858796,2018
S2152,115.60347,33.30233,2015
S1507,29.20228333,-26.00905,2017
S5003,34.45098,-18.937819,2014
S6392,-119.680605,54.81207452,2016
S1467,111.93469,32.58003,2015
S2941,111.84103,32.55538,2015
S2398,10.417922,51.271275,2011
S1076,-39.19277778,-8.455833333,2018
S6560,-155.3102889,19.8328028,2017
S5555,34.375167,-18.9413833,2014
S1669,4.9604,50.86249,2018
S4976,-155.3099972,19.8326083,2017
S1237,111.0166667,29.6336111,2012
S3855,116.76,-29.2,2017
S3891,-155.3099972,19.8326083,2017
S4098,-116.921555,53.33712817,2016
S3306,126.35,45.63333333,2017
S3439,9.460072222,48.4587139,2011
S3895,51.4825,30.40027778,2017
S2739,110.2791667,19.9025,2018
S5180,-73.37,45.72,2011
S6154,9.58,34.49,2014
S3925,-113.35,48.4666667,NA_
S2182,-73.37,45.72,2011
S4152,-155.3102889,19.8328028,2017
S4142,-155.3263889,19.82154722,2017
S924,-6.553691667,5.834158333,2012
S3028,19.671808,60.213675,2015
S4006,9.460072222,48.4587139,2011
S5253,-155.3102889,19.8328028,2017
S4701,-119.69187,54.81258,2016
S2567,-107.6833333,50.3,2012
S4182,-96.41277778,15.71666667,2018
S7106,-107.6833333,50.3,2012
S4383,-155.3263889,19.82154722,2017
S3905,19.800744,60.334353,2015
S1385,29.18803333,-25.99306667,2017
S7334,-119.097777,56.26112706,2016
S4289,-116.593305,54.20218352,2016
S1252,29.19726667,-26.00418333,2017
S2354,9.460072222,48.4587139,2011
S5958,-116.921555,53.33712817,2016
S3594,34.47004,-18.919292,2014
S1198,-3.513333333,40.27111111,2018
S4573,-119.680605,54.81207452,2016
S4220,34.45098,-18.937819,2014
S4199,-79.38805556,43.1325,2017
S5959,15.69972222,78.2,2014
S2802,9.460072222,48.4587139,2011
S6025,-155.3176528,19.8207917,2017
S2727,34.45097,-18.9378167,2014
S2060,9.460072222,48.4587139,2011
S5357,19.671808,60.213681,2015
S7537,-72.1875,42.4836111,2016
S4715,34.3764,-18.928533,2014
S3388,34.19967,-19.0001,2014
S2350,9.460072222,48.4587139,2011
S4614,112.0577,39.0587,2010
S7653,90.9875,69.0033,2018
S1832,-3.901944444,40.63527778,2018
S6769,-155.3261611,19.8219194,2017
S1330,110.5319444,19.95,2018
S2806,126.0333333,44.86666667,2017
S7611,14.79166667,-22.68805556,2014
S4214,34.37243,-18.9478833,2014
S2891,-118.60254,53.87838,2016
S3222,111.8669742,26.761605,2014
S4423,9.460072222,48.4587139,2011
S4235,-64.185914,-31.560943,2015
S3486,110.1408333,23.16444444,2018
S2496,108.066667,34.283333,2016
S6789,-155.3099972,19.8326083,2017
S5768,98.43972222,18.51,2014
S7269,-8.837777778,41.71277778,1970
S6001,27.2624,58.2986,2009
S5459,-155.3159722,19.8209611,2017
S2219,4.986397,50.871157,2018
S6827,27.2624,58.2986,2009
S6614,-155.3102889,19.8328028,2017
S5282,-155.3263889,19.82154722,2017
S4661,111.8679461,26.7618042,2014
S5412,119.1878,41.1428,2010
S911,-6.530486111,5.014816667,2012
S2210,9.460072222,48.4587139,2011
S3521,-155.3170028,19.8208167,2017
S5775,-118.756858,54.51953924,2016
S6551,-155.3046194,19.8333267,2017
S1706,-38.88194444,-4.476944444,2018
S5017,9.64,34.38,2014
S3942,111.0502778,29.6677778,2012
S5670,-2.833333,37.4,2011
S4292,34.45097,-18.9378167,2014
S2296,9.460072222,48.4587139,2011
S1196,109.1894444,22.41388889,2018
S5953,24.78666667,70.14722222,2012
S3357,114.558349,35.015935,2010
S1238,119.6188808,29.0175139,2014
S5244,-155.3261611,19.8219194,2017
S1207,116.9003592,28.2618372,2014
S3493,-155.3046194,19.8333267,2017
S5049,-119.099106,56.24936834,2016
S6384,-118.483517,54.16046856,2016
S4370,-155.3099972,19.8326083,2017
S3198,-66.26083333,-28.87805556,2018
S6748,-155.3261611,19.8219194,2017
S3376,19.788944,60.365058,2015
S981,-73.79,5.096388889,2018
S6304,-118.60254,53.87838,2016
S5511,-155.3170028,19.8208167,2017
S5889,-2.833333,37.4,2011
S2495,108.066667,34.283333,2015
S3402,-155.3046194,19.8330333,2017
S6570,-155.3010472,19.8330056,2017
S935,-72.1875,42.4836111,2016
S5157,105.6712,35.5484,2010
S7108,-2.833333,37.4,2011
S4132,-155.3046194,19.8330333,2017
S4677,53.15833333,57.09861111,2012
S2294,9.460072222,48.4587139,2011
S3142,-155.3176528,19.8207917,2017
S2401,105.4794444,24.75805556,2018
S3023,117.07334,35.00309,2015
S4221,34.3764,-18.928533,2014
S3002,-155.3159722,19.8209611,2017
S1114,75.52083333,44.41138889,2018
S3150,9.61,34.53,2014
S3828,-91.31055556,16.15805556,2018
S1664,108.066667,34.283333,2016
S6844,-16.88722222,32.7325,2018
S1746,-155.3251139,19.82215833,2017
S1987,127.65,46.95,2017
S1278,23.80083333,35.45916667,2009
S2693,-113.35,48.4666667,NA_
S1918,119.98097,36.66411,2015
S892,-23.2975,64.85055556,2011
S2689,-73.37,45.72,2011
S1652,115.72,29.29,2018
S2973,20.268556,60.140625,2015
S5911,-155.3046194,19.8330333,2017
S2935,17.90305556,3.883333333,2017
S7231,27.2624,58.2986,2009
S4498,-118.486189,54.15963738,2016
S6753,-155.3170028,19.8208167,2017
S2876,-155.3046194,19.8330333,2017
S3096,108.9766667,18.46111111,2018
S1172,-155.3046194,19.8333267,2017
S5610,-83.705,22.54305556,2017
S4441,106.9,39.51,2015
S5118,10.417922,51.271275,2011
S5378,116.9109775,28.2519628,2014
S1183,109.5775,19.43222222,2018
S4386,-155.3010472,19.8330056,2017
S6178,-155.3263889,19.82154722,2017
S2978,114.829,37.83464,2015
S1735,3.01889,39.83495,2018
S1328,-75.25,4.866944444,2012
S7092,27.2624,58.2986,2009
S4594,-155.3046194,19.8330333,2017
S3956,116.2833333,42.0333333,2010
S6709,-155.3010472,19.8330056,2017
S2846,4.93665,50.84997,2018
S3144,9.460072222,48.4587139,2011
S6799,-155.3261611,19.8219194,2017
S1977,-69.94805556,-4.123055556,2017
S5212,-155.3099972,19.8326083,2017
S2045,4.99013,50.87226,2018
S2102,34.375167,-18.9413833,2014
S1836,-155.3099972,19.8326083,2017
S4049,9.460072222,48.4587139,2011
S904,-6.502113889,6.130113889,2012
S3383,34.22525,-19.0067333,2014
S4486,-155.3010472,19.8330056,2017
S6447,-119.680605,54.81207452,2016
S6975,-155.3099972,19.8326083,2017
S2912,4.960786,50.86092,2018
S3829,-118.609026,53.86836742,2016
S5807,-117.325814,53.42042705,2016
S3863,-113.35,48.4666667,NA_
S7345,-2.833333,37.4,2011
S4391,-155.3046194,19.8330333,2017
S3630,19.800536,60.334267,2015
S6158,-2.833333,37.4,2011
S4505,-116.921555,53.33712817,2016
S3794,79.22777778,29.45638889,2013
S2127,-87.3484,20.443,2013
S5132,9.460072222,48.4587139,2011
S1208,-72.88111111,-49.37611111,2013
S1906,20.268492,60.140664,2015
S3674,4.960782,50.861122,2018
S6284,-118.762735,54.51051497,2016
S1319,38.27833333,-5.328055556,2016
S6608,27.2624,58.2986,2009
S2446,27.2624,58.2986,2009
S6982,-119.097777,56.26112706,2016
S4112,-155.3261611,19.8219194,2017
S5151,34.41057,-18.884006,2014
S7146,-119.099106,56.24936834,2016
S5618,-79.8434,9.110057,2012
S5836,12,57.66027778,2014
S5772,-110.7855556,32.44027778,2015
S2203,-113.35,48.4666667,NA_
S3079,128.4313889,42.03111111,2012
S1548,108.066667,34.283333,2016
S6787,-155.3046194,19.8333267,2017
S1734,111.84103,32.55538,2015
S1762,117.71903,36.94669,2015
S5102,19.539225,60.218292,2015
S2880,20.268494,60.140669,2015
S2591,-113.35,48.4666667,NA_
S3259,-107.6833333,50.3,2011
S4560,111.0386111,29.6544444,2012
S1924,83.13833333,54.81472222,2017
S2445,27.2624,58.2986,2009
S2498,108.066667,34.283333,2016
S6385,-119.099106,56.24936834,2016
S1448,112.53,23.17,2015
S7153,-119.099106,56.24936834,2016
S3568,106.2008333,24.33055556,2018
S884,-5.860222222,6.135108333,2012
S5708,-155.3102889,19.8328028,2017
S2206,9.460072222,48.4587139,2011
S5133,9.460072222,48.4587139,2011
S4286,-73.37,45.72,2011
S6231,34.45741,-18.934019,2014
S3791,120.8445,44.5567,2010
S3397,119.5609,42.6067,2010
S2184,118.2761417,32.2758433,2015
S1472,119.99864,36.62681,2015
S6646,-155.3046194,19.8333267,2017
S5429,-117.327002,53.41285736,2016
S5184,-155.3102889,19.8328028,2017
S5501,9.460072222,48.4587139,2011
S3075,112.9956,40.9957,2010
S4373,-155.3159722,19.8209611,2017
S6481,-119.69187,54.81258,2016
S2960,4.936586,50.849842,2018
S4143,-155.3263889,19.82154722,2017
S5488,-113.35,48.4666667,NA_
S1342,112.53,23.17,2015
S4072,34.183483,-19.01925,2014
S4415,166.3433333,-22.06194444,2014
S1007,115.72,29.29,2018
S3325,9.460072222,48.4587139,2011
S4097,-116.966739,53.32204872,2016
S4162,-155.3046194,19.8330333,2017
S3941,-155.3046194,19.8330333,2017
S3715,16.53194444,43.14444444,2015
S5750,-155.3046194,19.8330333,2017
S6604,-119.099106,56.24936834,2016
S2782,126.35,45.63333333,2017
S6922,-107.6833333,50.3,2011
S2111,113.1677,39.827,2010
S1130,126.0333333,44.86666667,2017
S2033,118.0065,43.6487,2010
S7680,-2.833333,37.4,2011
S2098,109.7564,39.496,2010
S6024,-155.3010472,19.8330056,2017
S2834,125.6666667,44,2017
S7417,-2.833333,37.4,2011
S7258,27.2624,58.2986,2009
S7336,-2.833333,37.4,2011
S4485,-116.966739,53.32204872,2016
S3361,34.45741,-18.934019,2014
S2953,9.460072222,48.4587139,2011
S3904,34.375167,-18.9413833,2014
S5818,9.460072222,48.4587139,2011
S1397,3.01889,39.83495,2018
S6723,-79.07083333,36.03583333,2012
S2487,113.39588,34.81651,2015
S5393,-116.921555,53.33712817,2016
S5899,-72.1875,42.4836111,2016
S3083,107.8088,37.5287,2010
S1149,-87.2042,21.2103,2013
S6576,-107.6833333,50.3,2011
S3645,19.540508,60.218036,2015
S5736,-20.63388889,64.22583333,2015
S7002,-2.833333,37.4,2011
S2579,111.0369444,29.6566667,2012
S7692,-117.33073,53.8039,2016
S5782,9.460072222,48.4587139,2011
S6632,-116.593305,54.20218352,2016
S3367,34.183483,-19.01925,2014
S4500,-116.593305,54.20218352,2016
S5569,-107.6833333,50.3,2011
S6626,-155.3070028,19.8329472,2017
S1920,-113.35,48.4666667,NA_
S4875,-155.3176528,19.8207917,2017
S1984,-64.185656,-31.560563,2015
S1165,108.9805556,18.44638889,2018
S5570,-118.60254,53.87838,2016
S6557,-155.3046194,19.8330333,2017
S2794,19.923892,60.344658,2015
S6734,-155.3046194,19.8330333,2017
S5892,-117.325814,53.42042705,2016
S4265,-155.3251139,19.82215833,2017
S6546,5.894444444,49.62361111,2018
S2905,117.71903,36.94669,2015
S1356,-155.3170028,19.8208167,2017
S1263,115.71,29.28,2018
S3738,-155.3099972,19.8326083,2017
S1533,-113.35,48.4666667,NA_
S2561,103.4687,35.4489,2010
S4931,-73.37,45.72,2011
S1044,3.01889,39.83495,2018
S2812,-64.18572,-31.560756,2015
S5335,120.8943,46.7175,2010
S5599,-2.833333,37.4,2011
S1449,112.53,23.17,2015
S7296,-116.593305,54.20218352,2016
S4375,-155.3099972,19.8326083,2017
S1725,46.99,35.42833333,1970
S6729,-155.3261611,19.8219194,2017
S1463,115.50656,33.29347,2015
S5613,-117.327002,53.41285736,2016
S2119,9.460072222,48.4587139,2011
S1784,29.19826667,-26.00506667,2017
S3989,-155.3102889,19.8328028,2017
S6314,-118.665309,53.99518206,2016
S5058,111.8846156,26.7558386,2014
S7710,27.2624,58.2986,2009
S4693,-116.966739,53.32204872,2016
S1297,112.29,35.2,2016
S4226,107.41,35.12,2013
S3974,-155.3102889,19.8328028,2017
S1867,4.99034,50.8875,2018
S5725,19.800544,60.334267,2015
S5396,-155.3046194,19.8330333,2017
S3589,34.375167,-18.9413833,2014
S4832,117.4289,40.8484,2010
S5871,-155.3261611,19.8219194,2017
S1997,108.9766667,18.46111111,2018
S6334,-119.99912,54.66892,2016
S3497,-155.3176528,19.8207917,2017
S2482,-155.3263889,19.82154722,2017
S1800,29.19635,-26.00758333,2017
S3452,9.460072222,48.4587139,2011
S5817,9.460072222,48.4587139,2011
S6363,-118.061871,54.56130614,2016
S7325,-113.35,48.4666667,NA_
S4585,-155.3046194,19.8333267,2017
S6417,-117.327002,53.41285736,2016
S1553,-58.3762139,-34.65759167,2013
S1604,105.911,36.4494,2010
S1942,108.066667,34.283333,2015
S4765,30.09194444,0.799166667,2018
S5867,-155.3159722,19.8209611,2017
S2572,102.8264,36.353,2010
S4123,-155.3251139,19.82215833,2017
S5841,4.96049,50.8624,2018
S1085,-6.716797222,4.763541667,2012
S5232,19.540511,60.218039,2015
S7678,-119.99912,54.66892,2016
S1477,-73.37,45.72,2011
S6278,-116.966739,53.32204872,2016
S1188,33.53972222,44.56944444,2018
S4616,119.5153,43.86,2010
S5811,-119.680605,54.81207452,2016
S1462,113.34479,34.88979,2015
S3996,4.99042,50.88739,2018
S3790,-155.3102889,19.8328028,2017
S2356,9.460072222,48.4587139,2011
S4973,-155.3159722,19.8209611,2017
S4100,-117.970426,54.58351057,2016
S4674,-155.3099972,19.8326083,2017
S7145,-155.3263889,19.82154722,2017
S5048,-113.35,48.4666667,NA_
S3970,105.5963889,20.34888889,2012
S6994,-155.3251139,19.82215833,2017
S3243,-155.3070028,19.8329472,2017
S1464,117.63278,36.95022,2015
S2915,19.540517,60.217981,2015
S2647,112.53,23.17,2015
S3207,34.22525,-19.0067333,2014
S1135,83.10833333,54.66305556,2017
S5446,-73.37,45.72,2011
S3014,9.460072222,48.4587139,2011
S2809,108.066667,34.283333,2015
S5916,9.460072222,48.4587139,2011
S7681,-73.37,45.72,2011
S5932,-155.3046194,19.8333267,2017
S918,164.8688889,-20.63944444,2014
S2546,-60.08805556,5.435555556,2012
S3136,-73.37,45.72,2011
S6403,-117.725821,53.9446358,2016
S4198,110.2791667,19.9025,2018
S3276,34.375167,-18.9413833,2014
S6793,-155.3046194,19.8333267,2017
S4648,-87.3502,20.4443,2013
S7364,-2.833333,37.4,2011
S5540,-120.6577778,40.66694444,2016
S1968,34.22525,-19.0067333,2014
S4118,-155.3070028,19.8329472,2017
S4127,-155.3046194,19.8330333,2017
S2382,9.460072222,48.4587139,2011
S1972,34.22525,-19.0067333,2014
S5465,19.540092,60.218231,2015
S6436,-118.756858,54.51953924,2016
S7007,41.82,41.23166667,2015
S4034,114.558349,35.015935,2010
S3248,34.3764,-18.928533,2014
S5546,-155.3102889,19.8328028,2017
S6297,-118.483517,54.16046856,2016
S2737,114.83136,37.76644,2015
S4024,-73.37,45.72,2011
S6648,107.41,35.12,2013
S2489,108.066667,34.283333,2016
S3363,34.45098,-18.937819,2014
S3298,-117.725821,53.9446358,2016
S7185,27.2624,58.2986,2009
S2740,-155.3102889,19.8328028,2017
S3003,-64.18572,-31.560756,2015
S6116,-118.665309,53.99518206,2016
S1756,30.18111111,-2.369444444,2018
S2302,9.460072222,48.4587139,2011
S2889,116.26,28.37,2014
S6240,-118.762735,54.51051497,2016
S6736,-155.3010472,19.8330056,2017
S6019,27.2624,58.2986,2009
S3008,112.5349142,23.1825644,2014
S4595,-156.03845,20.7991861,2010
S5578,-117.327002,53.41285736,2016
S4380,-155.3046194,19.8330333,2017
S1823,-156.03845,20.7991861,2011
S4389,-155.3251139,19.82215833,2017
S1261,4.661111111,8.450277778,2018
S1006,-6.712169444,4.761663889,2012
S3050,19.543156,60.235489,2015
S2136,119.93744,36.68844,2015
S5428,-118.762735,54.51051497,2016
S2263,110.1369444,23.25555556,2018
S954,116.2833333,42.0333333,2011
S1798,29.18608333,-25.99446667,2017
S3244,-155.3099972,19.8326083,2017
S4652,-155.3010472,19.8330056,2017
S2335,9.460072222,48.4587139,2011
S3492,-155.3261611,19.8219194,2017
S1819,-73.37,45.72,2011
S3755,106.2122222,24.35888889,2018
S1260,29.201233,-26.008483,2017
S2116,114.17215,33.42341,2015
S2261,110.1408333,23.16444444,2018
S3921,-155.3070028,19.8329472,2017
S1158,112.5416361,23.1700964,2014
S6073,10.417922,51.271275,2011
S4681,-119.680605,54.81207452,2016
S1808,10.417922,51.271275,2011
S3066,10.417922,51.271275,2011
S1296,29.19631667,-26.0033,2017
S3922,118.0065,43.6487,2010
S4726,9.460072222,48.4587139,2011
S1395,20.164339,60.07405,2015
S2587,-113.35,48.4666667,NA_
S3749,-73.37,45.72,2011
S3730,19.927422,60.347131,2015
S2207,9.460072222,48.4587139,2011
S1852,9.460072222,48.4587139,2011
S7496,-73.09666667,-44.07416667,2012
S1176,115.03578,36.28433,2015
S4165,-155.3070028,19.8329472,2017
S6790,-155.3070028,19.8329472,2017
S7244,51.075506,25.864567,2020
S4784,145.8330556,-37.48805556,2012
S3366,34.45741,-18.934019,2014
S3282,110.6252778,19.60277778,2018
S1937,108.066667,34.283333,2015
S5311,9.460072222,48.4587139,2011
S2218,-73.37,45.72,2011
S6798,-155.3159722,19.8209611,2017
S5773,18.83861111,42.39583333,2016
S3193,34.362,-18.9713333,2014
S7028,150.7052778,59.68111111,2017
S2863,-72.17305556,-40.66527778,2014
S1465,113.32212,34.83114,2015
S4562,-155.3099972,19.8326083,2017
S2130,32.98083333,56.45527778,2014
S5917,9.460072222,48.4587139,2011
S5668,10.417922,51.271275,2011
S4744,-64.185601,-31.56004,2015
S1879,108.7825,18.54583333,2018
S6931,34.37243,-18.9478833,2014
S4528,116.2908333,-34.36111111,2011
S3840,-102.6002778,22.19888889,2012
S4279,119.93831,36.61856,2015
S2565,102.0708,36.4503,2010
S4139,-155.3170028,19.8208167,2017
S1995,-155.3010472,19.8330056,2017
S2442,-155.3263889,19.82154722,2017
S5724,-155.3099972,19.8326083,2017
S5242,-107.6833333,50.3,2011
S4138,-155.3251139,19.82215833,2017
S4125,-155.3170028,19.8208167,2017
S2750,100.4652778,16.85944444,2009
S1400,112.53,23.17,2015
S3972,-156.03845,20.7991861,2010
S1558,2.83,35.7,2018
S1191,4.96044,50.86233,2018
S5740,111.0369444,29.6566667,2012
S4023,-73.37,45.72,2011
S2415,4.991092,50.886747,2018
S2870,-155.3070028,19.8329472,2017
S3627,19.540092,60.218217,2015
S1955,115.72,29.29,2018
S3368,34.22525,-19.0067333,2014
S999,115.72,29.29,2018
S912,-6.515608333,5.2488,2012
S4841,9.460072222,48.4587139,2011
S4064,9.460072222,48.4587139,2011
S4972,129.6313889,62.05055556,1970
S4413,127.65,46.95,2017
S3775,-155.3010472,19.8330056,2017
S1096,31.62083333,-18.17777778,2013
S4770,106.9,39.51,2015
S949,-81.31666667,43.19333333,2018
S1639,125.6666667,44,2017
S1591,-87.3528,20.4442,2013
S5767,-78.16222222,39.47277778,2015
S5902,-116.921555,53.33712817,2016
S3287,-79.8434,9.110057,2012
S6974,-116.593305,54.20218352,2016
S7339,-113.35,48.4666667,NA_
S1498,9.460072222,48.4587139,2011
S7349,-155.3099972,19.8326083,2017
S1825,-155.3099972,19.8326083,2017
S3299,119.45,42.46,2015
S2839,-64.18572,-31.560756,2015
S5898,-117.325814,53.42042705,2016
S5650,-155.3070028,19.8329472,2017
S6561,-155.3010472,19.8330056,2017
S3400,158.9419444,54.49583333,2017
S2745,119.5930228,29.0098219,2014
S5259,34.37243,-18.9478833,2014
S4041,102.3103,35.9628,2010
S6568,-2.833333,37.4,2011
S2627,111.2594,37.9478,2010
S4971,-155.3046194,19.8333267,2017
S2732,-155.3099972,19.8326083,2017
S3678,9.460072222,48.4587139,2011
S2882,-116.60558,54.2374,2016
S7452,146.65,-43.09277778,2014
S5583,46.86861111,-25.06194444,2010
S3434,-155.3176528,19.8207917,2017
S3977,4.97762,50.85903,2018
S987,-5.852747222,6.164511111,2012
S4114,-155.3070028,19.8329472,2017
S953,-6.515655556,5.248255556,2012
S1594,-155.3263889,19.82154722,2017
S2478,-117.970426,54.58351057,2016
S2357,9.460072222,48.4587139,2011
S6409,-118.60254,53.87838,2016
S2562,117.5092,42.2967,2010
S3546,34.3957,-18.889181,2014
S1447,116.9125814,28.2548794,2014
S4737,-79.8434,9.110057,2012
S4352,-155.3263889,19.82154722,2017
S5800,-117.968734,54.58128419,2016
S3530,-155.3010472,19.8330056,2017
S1147,98.3225,7.9325,2017
S6015,27.2624,58.2986,2009
S5028,-117.970426,54.58351057,2016
S6255,-118.061871,54.56130614,2016
S5803,116.9003592,28.2618372,2014
S2391,111.93469,32.58003,2015
S3179,34.47004,-18.919292,2014
S4987,119.5153,43.86,2010
S5496,4.99102,50.88748,2018
S1503,109.4961111,18.28472222,2018
S3460,116.2833333,42.0333333,2011
S6599,-155.3010472,19.8330056,2017
S5980,-117.33073,53.8039,2016
S2309,9.460072222,48.4587139,2011
S2883,19.539264,60.218439,2015
S2828,-84.61388889,9.595833333,2020
S1605,49.30166667,33.15111111,2017
S6938,95.18,40.21,2015
S3133,4.98592,50.87563,2018
S1042,-5.847102778,6.154444444,2012
S1333,108.7825,18.54583333,2018
S5756,126.8211111,72.40194444,2017
S4065,-117.970426,54.58351057,2016
S2038,-87.3527,20.4444,2013
S6198,-155.3261611,19.8219194,2017
S2159,-113.35,48.4666667,NA_
S4502,108.8058333,53.63444444,2016
S4827,20.165811,60.074161,2015
S5270,116.2833333,42.0333333,2010
S3013,9.460072222,48.4587139,2011
S1992,3.01889,39.83495,2018
S3483,131.4111111,43.12805556,2010
S3364,34.45098,-18.937819,2014
S3126,125.6666667,44,2017
S3736,95.18,40.21,2015
S3686,-72.1875,42.4836111,2016
S2886,-50.67916667,67.02944444,2017
S1622,-113.35,48.4666667,NA_
S6795,-155.3176528,19.8207917,2017
S2685,19.788928,60.365069,2015
S1757,113.39421,34.88881,2015
S2610,3.25,34.66,2018
S1754,106.6372222,23.9925,2018
S5828,-155.3010472,19.8330056,2017
S4939,-155.3046194,19.8330333,2017
S890,-6.652902778,5.594852778,2012
S4148,-155.3070028,19.8329472,2017
S4541,-155.3261611,19.8219194,2017
S7081,27.2624,58.2986,2009
S4399,125.4333333,43.78333333,2017
S1314,34.37243,-18.9478833,2014
S4958,-113.35,48.4666667,NA_
S5859,19.924208,60.344758,2015
S1723,29.20225,-26.008333,2017
S5657,34.37243,-18.9478833,2014
S6042,-155.3170028,19.8208167,2017
S1129,-100.9127778,25.24638889,2016
S7294,-119.69187,54.81258,2016
S2696,58.89805556,22.92666667,2019
S1351,-17.01722222,14.57805556,2011
S3006,-118.762735,54.51051497,2016
S3846,111.8681725,26.7614564,2014
S4754,-155.3263889,19.82154722,2017
S2908,119.5937244,28.9989161,2014
S1993,-87.2068,21.2102,2013
S2965,-155.3251139,19.82215833,2017
S6201,-155.3046194,19.8330333,2017
S2606,120.01272,36.69275,2015
S1640,115.04183,36.23006,2015
S4603,114.558349,35.015935,2010
S4218,109.5775,19.43222222,2018
S7562,-155.3170028,19.8208167,2017
S6670,-155.3263889,19.82154722,2017
S6202,34.37243,-18.9478833,2014
S4361,-155.3099972,19.8326083,2017
S5368,-155.3251139,19.82215833,2017
S5723,83.03666667,51.12444444,2018
S1649,115.72,29.29,2018
S905,-5.852769444,6.131016667,2012
S2894,119.45,42.46,2015
S1259,29.19196667,-26.00166667,2017
S5063,-44.67055556,-22.39777778,2018
S1274,-65.87888889,-28.18722222,2018
S1905,19.594122,60.235486,2015
S3671,-2.208611111,53.12388889,2012
S2791,104.6977,35.4102,2010
S4483,-155.3176528,19.8207917,2017
S5264,107.41,35.12,2013
S6460,-117.329673,53.80416602,2016
S6246,-117.327002,53.41285736,2016
S1177,-47.47833333,-13.63666667,2016
S2312,9.460072222,48.4587139,2011
S3782,121.2933333,24.135,2010
S7400,-155.3046194,19.8333267,2017
S3605,108.7997222,18.54888889,2018
S5401,110.3036111,22.64055556,2018
S5458,-155.3263889,19.82154722,2017
S3652,-155.3263889,19.82154722,2017
S6684,-155.3261611,19.8219194,2017
S4149,-155.3263889,19.82154722,2017
S3184,19.543244,60.235711,2015
S6745,-155.3046194,19.8333267,2017
S1078,-61.73166667,16.17833333,2011
S3629,-2.833333,37.4,2011
S5241,10.405344,50.971664,2011
S7629,-2.833333,37.4,2011
S3285,109.5333333,19.47361111,2018
S4379,-155.3102889,19.8328028,2017
S4974,-155.3159722,19.8209611,2017
S4254,127.5833333,47.68333333,2017
S4251,108.8386,37.6043,2010
S2052,4.4925,50.79944444,2018
S2427,-155.3176528,19.8207917,2017
S6213,10.21527778,56.09166667,2018
S3346,75.01777778,13.52222222,2013
S3507,-155.3263889,19.82154722,2017
S1088,-6.534827778,5.850547222,2012
S4267,114.19036,33.36277,2015
S3355,-155.3263889,19.82154722,2017
S1185,110.6252778,19.60277778,2018
S7408,-72.1875,42.4836111,2016
S5389,131.8183333,-13.84166667,2011
S5006,119.4960572,29.0283261,2014
S4115,-155.3102889,19.8328028,2017
S4846,19.671808,60.213672,2015
S5056,106.2122222,24.35888889,2018
S2917,4.98764,50.87281,2018
S6637,-149.5005556,60.99944444,2018
S5896,32.48194444,-28.26388889,2016
S3461,34.375167,-18.9413833,2014
S7687,-156.03845,20.7991861,2010
S1097,126.35,45.63333333,2017
S7616,-113.35,48.4666667,NA_
S3217,9.460072222,48.4587139,2011
S4881,-155.3261611,19.8219194,2017
S1939,108.066667,34.283333,2016
S3871,-155.3261611,19.8219194,2017
S2004,151.2141667,-33.67527778,2010
S4184,111.7088,38.3965,2010
S4145,126.8425,45.845556,2014
S1329,-117.968734,54.58128419,2016
S934,-66.48611111,45.68416667,2018
S5589,-116.921555,53.33712817,2016
S2003,4.98994,50.87219,2018
S4536,-155.3102889,19.8328028,2017
S6536,-155.3010472,19.8330056,2017
S5062,9.460072222,48.4587139,2011
S2831,34.3763,-18.9285333,2014
S1244,29.18993333,-26.0029,2017
S5245,19.543158,60.235475,2015
S7184,-155.3159722,19.8209611,2017
S3231,10.417922,51.271275,2011
S5611,27.2624,58.2986,2009
S4153,-155.3010472,19.8330056,2017
S1203,-6.553241667,5.834230556,2012
S4329,-107.6833333,50.3,2011
S952,95.18,40.21,2015
S4193,9.460072222,48.4587139,2011
S6685,19.923906,60.344656,2015
S3057,108.9805556,18.44638889,2018
S6382,-116.60558,54.2374,2016
S2848,4.962924,50.86251,2018
S5112,-155.3159722,19.8209611,2017
S1468,114.9625,36.23167,2015
S1093,-113.35,48.4666667,NA_
S5443,9.460072222,48.4587139,2011
S1075,119.99864,36.62681,2015
S3185,106.2008333,24.33055556,2018
S6175,30.11361111,-0.373333333,2018
S2756,9.460072222,48.4587139,2011
S4067,126.8425,45.845556,2014
S7676,-75.46666667,6.705,2012
S2105,-155.3263889,19.82154722,2017
S3931,-155.3099972,19.8326083,2017
S6555,-155.3070028,19.8329472,2017
S4382,-155.3070028,19.8329472,2017
S3776,-155.3251139,19.82215833,2017
S2286,106.5066667,24.05666667,2018
S5138,-118.762735,54.51051497,2016
S2923,-87.4775,20.19583333,2015
S3331,-155.3159722,19.8209611,2017
S4586,127.5833333,47.68333333,2017
S6773,-155.3010472,19.8330056,2017
S2674,4.9855,50.87582,2018
S4358,-155.3159722,19.8209611,2017
S1302,127.1833333,46.6,2017
S2629,4.97499,50.86614,2018
S5737,9.460072222,48.4587139,2011
S6983,-119.097777,56.26112706,2016
S2921,20.276172,60.13025,2015
S5243,-155.3099972,19.8326083,2017
S1370,-155.3261611,19.8219194,2017
S6239,-117.968734,54.58128419,2016
S5729,-155.3159722,19.8209611,2017
S4691,107.41,35.12,2013
S899,-6.534327778,5.850372222,2012
S1966,34.183483,-19.01925,2014
S3740,-156.03845,20.7991861,2010
S2877,19.543222,60.235508,2015
S1861,20.275508,60.130225,2015
S1783,34.45097,-18.9378167,2014
S6862,-113.35,48.4666667,NA_
S2310,9.460072222,48.4587139,2011
S2590,112.53,23.17,2015
S4137,-155.3046194,19.8333267,2017
S7190,-155.3170028,19.8208167,2017
S1461,117.70531,37.02925,2015
S7210,-2.833333,37.4,2011
S1566,7.55,60.60888889,2016
S3648,-155.3261611,19.8219194,2017
S2377,-155.3099972,19.8326083,2017
S1996,118.2761417,32.2758433,2015
S5619,-79.8434,9.110057,2012
S1402,115.71,29.28,2018
S6767,-155.3010472,19.8330056,2017
S4967,34.47004,-18.919292,2014
S1224,34.74194444,30.60972222,2019
S1228,-111.5638889,52.085,2018
S2295,9.460072222,48.4587139,2011
S1590,-87.3538,20.4421,2013
S4133,-155.3263889,19.82154722,2017
S7765,-118.042189,54.55991094,2016
S1740,3.01889,39.83495,2018
S1004,-87.2052,21.2102,2013
S4767,-119.097777,56.26112706,2016
S1974,34.183483,-19.01925,2014
S3808,34.362,-18.9713333,2014
S2360,111.8695575,26.7627964,2014
S4639,116.75,-29.2,2017
S3609,19.540092,60.218222,2015
S5757,4.97498,50.86621,2018
S4196,-155.3176528,19.8207917,2017
S4035,107.2189,37.7721,2010
S3608,111.0394444,29.6544444,2012
S4356,-155.3263889,19.82154722,2017
S906,-6.712955556,4.762275,2012
S5454,-155.3176528,19.8207917,2017
S3098,106.2008333,24.33055556,2018
S1186,115.9222222,-34.46861111,2018
S1954,108.066667,34.283333,2015
S5095,-117.329673,53.80416602,2016
S5005,-155.3159722,19.8209611,2017
S4591,-155.3170028,19.8208167,2017
S2061,9.460072222,48.4587139,2011
S5924,-155.3263889,19.82154722,2017
S6559,-155.3261611,19.8219194,2017
S6237,-116.966739,53.32204872,2016
S6163,27.2624,58.2986,2009
S913,-6.502933333,5.255191667,2012
S1796,20.275317,60.130361,2015
S7307,57.40388889,54.28833333,2018
S5249,107.3718,35.3162,2010
S1944,111.7666667,60.37694444,2018
S1927,-155.3170028,19.8208167,2017
S7471,34.41057,-18.884006,2014
S4941,-119.099106,56.24936834,2016
S4376,-155.3102889,19.8328028,2017
S2733,-155.3251139,19.82215833,2017
S1258,115.72,29.29,2018
S1797,-70.36361111,-3.773888889,2017
S1313,108.9805556,18.44638889,2018
S4567,116.9123919,28.2548739,2014
S1089,-6.653538889,5.595427778,2012
S3799,-73.37,45.72,2011
S2214,9.460072222,48.4587139,2011
S4501,-116.921555,53.33712817,2016
S6674,-155.3046194,19.8333267,2017
S5216,-155.3099972,19.8326083,2017
S5274,-155.3099972,19.8326083,2017
S4210,-155.3261611,19.8219194,2017
S3908,127.65,46.95,2017
S2266,110.6252778,19.60277778,2018
S3805,111.0244444,29.6425,2012
S2993,114.8905,37.76742,2015
S6738,-155.3102889,19.8328028,2017
S4728,101.2,37.616667,2011
S2344,9.460072222,48.4587139,2011
S3564,110.1,23.07916667,2018
S3484,134.8113889,48.305,2014
S2383,22.28777778,57.62861111,2014
S2154,29.05138889,41.10666667,2016
S3896,34.19967,-19.0001,2014
S4552,111.0386111,29.6544444,2012
S2205,9.460072222,48.4587139,2011
S1707,115.72,29.29,2018
S6882,27.2624,58.2986,2009
S4455,-117.325814,53.42042705,2016
S893,75.42166667,41.91277778,2015
S7771,-116.593305,54.20218352,2016
S3994,-155.3261611,19.8219194,2017
S4154,-155.3263889,19.82154722,2017
S1876,4.99078,50.8867,2018
S6535,-155.3261611,19.8219194,2017
S4134,-155.3070028,19.8329472,2017
S3354,-73.37,45.72,2011
S1350,-156.03845,20.7991861,2010
S2455,19.924192,60.344733,2015
S4608,145.0575,-5.790277778,2011
S4206,10.417922,51.271275,2011
S2193,116.2833333,42.0333333,2010
S1334,108.7825,18.54583333,2018
S4758,-155.3099972,19.8326083,2017
S6766,-155.3070028,19.8329472,2017
S4783,119.5934106,29.0016186,2014
S6443,-119.680605,54.81207452,2016
S2124,2.186111111,9.263888889,2010
S3262,-107.6833333,50.3,2011
S2107,23.56722222,58.58555556,2018
S3269,-3.766666667,8.7625,2014
S5186,-155.3261611,19.8219194,2017
S7683,-155.3099972,19.8326083,2017
S4780,-113.35,48.4666667,NA_
S4449,-155.3046194,19.8333267,2017
S2386,-122.2427778,37.87055556,2016
S925,-6.543911111,5.020813889,2012
S2095,114.9625,36.23167,2015
S1159,116.9301883,28.2067861,2014
S7509,37.63944444,54.87444444,2018
S1325,-73.37,45.72,2011
S6295,-119.99912,54.66892,2016
S6727,-155.3046194,19.8330333,2017
S4085,111.89003,32.52867,2015
S1776,24.62472222,70.61111111,2019
S1180,110.1997222,19.75972222,2018
S3390,112.5562781,23.1652597,2014
S2352,9.460072222,48.4587139,2011
S1276,-73.37,45.72,2011
S1886,-73.37,45.72,2011
S3590,34.362,-18.9713333,2014
S5355,4.975151,50.865977,2018
S6757,-155.3261611,19.8219194,2017
S4442,34.362,-18.9713333,2014
S6839,110.1997222,19.75972222,2018
S4147,-155.3010472,19.8330056,2017
S3672,42.71722222,43.07972222,2015
S6747,-155.3099972,19.8326083,2017
S2721,10.405344,50.971664,2011
S5075,114.22539,33.37315,2015
S2980,117.5092,42.2967,2010
S5819,-73.37,45.72,2011
S5838,-2.833333,37.4,2011
S5328,-73.37,45.72,2011
S3463,77.11527778,32.80111111,2015
S4395,-155.3251139,19.82215833,2017
S6269,-116.966739,53.32204872,2016
S5091,19.800739,60.334353,2015
S6106,-155.3070028,19.8329472,2017
S6870,-119.097777,56.26112706,2016
S3173,115.72,29.29,2018
S3107,-155.3070028,19.8329472,2017
S1285,73.40472222,33.92944444,2018
S1210,44.12,49.10888889,2018
S5129,10.405344,50.971664,2011
S7250,-119.097777,56.26112706,2016
S6774,-155.3261611,19.8219194,2017
S7089,-2.833333,37.4,2011
S6672,-155.3070028,19.8329472,2017
S4331,34.22525,-19.0067333,2014
S2394,111.0244444,29.6425,2012
S1292,109.7564,39.496,2010
S4880,-155.3099972,19.8326083,2017
S6916,-2.833333,37.4,2011
S2754,126.35,45.63333333,2017
S2043,112.53,23.17,2015
S2874,124.7,43.5,2017
S6266,150.7172222,59.68138889,2017
S6368,-116.966739,53.32204872,2016
S3968,34.45741,-18.934019,2014
S7166,-155.3046194,19.8333267,2017
S6741,-155.3046194,19.8332267,2017
S5271,-155.3102889,19.8328028,2017
S4377,-155.3170028,19.8208167,2017
S3914,-155.3070028,19.8329472,2017
S1376,108.066667,34.283333,2016
S1083,-87.2096,21.2102,2013
S7455,-155.3170028,19.8208167,2017
S4551,9.460072222,48.4587139,2011
S3449,9.460072222,48.4587139,2011
S1774,119.98097,36.66411,2015
S1519,18.95555556,-33.98805556,2010
S5195,4.96051,50.86227,2018
S5371,-155.3263889,19.82154722,2017
S5185,-155.3070028,19.8329472,2017
S1657,9.460072222,48.4587139,2011
S3937,-155.3261611,19.8219194,2017
S7308,-116.593305,54.20218352,2016
S3545,-155.3159722,19.8209611,2017
S4456,111.8786053,26.7592833,2014
S945,51.26055556,51.18722222,2018
S3702,-155.3099972,19.8326083,2017
S4129,-155.3102889,19.8328028,2017
S6908,-155.3176528,19.8207917,2017
S2359,4.90378,50.865601,2018
S4161,-155.3251139,19.82215833,2017
S5829,-155.3046194,19.8330333,2017
S2566,-107.6833333,50.3,2012
S983,115.03578,36.28433,2015
S2751,115.71,29.28,2018
S7182,-155.3046194,19.8330333,2017
S7447,-119.097777,56.26112706,2016
S2951,-87.3538,20.4421,2013
S5369,-155.3261611,19.8219194,2017
S6061,-116.921555,53.33712817,2016
S2803,-87.3484,20.4429,2013
S4414,-47.9275,-25.10083333,2019
S6772,-155.3099972,19.8326083,2017
S1373,-23.69083333,15.18027778,2009
S1268,126.1166667,47.93333333,2017
S7559,-119.099106,56.24936834,2016
S6298,-119.097777,56.26112706,2016
S2226,107.41,35.12,2013
S4579,-119.680605,54.81207452,2016
S3153,-155.3102889,19.8328028,2017
S2720,34.375167,-18.9413833,2014
S1390,3.01889,39.83495,2018
S3183,107.1805,36.7236,2010
S1956,112.29,35.2,2016
S7152,-119.099106,56.24936834,2016
S4622,10.405344,50.971664,2011
S1821,112.28,35.1,2016
S6545,116.1025,5.405833333,2012
S5703,34.183483,-19.01925,2014
S4176,-155.3046194,19.8330333,2017
S4343,34.45098,-18.937819,2014
S3807,109.5333333,19.47361111,2018
S5539,-155.3170028,19.8208167,2017
S6225,-155.3046194,19.8333267,2017
S3933,4.990793,50.887179,2018
S1779,109.1894444,22.41388889,2018
S5220,-155.3261611,19.8219194,2017
S6361,-117.970426,54.58351057,2016
S5318,114.19036,33.36277,2015
S5798,-155.3251139,19.82215833,2017
S1221,-5.026944444,6.216111111,2019
S5381,9.460072222,48.4587139,2011
S3657,-117.970426,54.58351057,2016
S4355,-155.3251139,19.82215833,2017
S956,112.29,35.2,2016
S7318,-155.3070028,19.8329472,2017
S961,-113.35,48.4666667,NA_
S2634,19.788944,60.365067,2015
S2315,9.460072222,48.4587139,2011
S3186,46.85,24.98277778,2020
S1139,108.1666667,34.35,2015
S1240,20.164211,60.074033,2015
S1408,-15.83305556,11.27416667,2018
S2837,27.66222222,-11.47944444,2012
S3698,9.460072222,48.4587139,2011
S4103,10.417922,51.271275,2011
S1482,-75.61666667,20.00638889,2017
S4104,103.7866667,22.32138889,2012
S5793,-155.3176528,19.8207917,2017
S2019,126.0333333,44.86666667,2017
S4938,111.8695575,26.7627964,2014
S1057,30.68472222,-1.657777778,2018
S4457,9.460072222,48.4587139,2011
S3085,118.2227,42.1321,2010
S4983,127.1833333,46.6,2017
S1470,114.979,36.28419,2015
S4407,-155.3159722,19.8209611,2017
S3817,121.3512,43.3201,2010
S1469,114.88472,37.82851,2015
S1303,126.1166667,47.93333333,2017
S7012,27.2624,58.2986,2009
S1433,-22.92111111,16.80527778,2009
S1632,13.05944444,47.56083333,2018
S3772,113.1677,39.827,2010
S6952,-155.3261611,19.8219194,2017
S2760,111.1031,39.7674,2010
S6847,-155.3046194,19.8333267,2017
S5409,-155.3070028,19.8329472,2017
S1760,117.62931,37.00356,2015
S6156,-155.3102889,19.8328028,2017
S2444,-113.35,48.4666667,NA_
S7401,14.65694444,37.90694444,2012
S5281,-155.3046194,19.8330333,2017
S7671,-119.99912,54.66892,2016
S4385,19.789147,60.365367,2015
S6822,27.2624,58.2986,2009
S3081,105.4775,24.80888889,2018
S1453,-118.762735,54.51051497,2016
S1474,117.70531,37.02925,2015
S2783,125.6666667,44,2017
S4621,109.3211,36.9715,2010
S2125,112.29,35.2,2016
S2249,103.9577,36.3664,2010
S1133,115.62792,33.22595,2015
S1277,78.14555556,30.45,2012
S5922,-155.3251139,19.82215833,2017
S7709,27.2624,58.2986,2009
S1863,-73.37,45.72,2011
S7628,-118.042189,54.55991094,2016
S3907,25.30083333,0.296111111,2018
S6573,126.8333333,48.33333333,2017
S2292,9.460072222,48.4587139,2011
S1002,115.00036,36.25369,2015
S6011,27.2624,58.2986,2009
S4583,-116.593305,54.20218352,2016
S4408,-155.3102889,19.8328028,2017
S1048,29.20061667,-26.00788333,2017
S2065,109.7878,38.1021,2010
S4332,29.47722222,-20.01861111,2012
S6739,-155.3102889,19.8328028,2017
S1946,-117.968734,54.58128419,2016
S6705,-155.3251139,19.82215833,2017
S5219,-155.3261611,19.8219194,2017
S5515,-116.593305,54.20218352,2016
S3102,-45.21666667,-23.435,2019
S2785,109.4094444,18.33138889,2018
S6372,-118.671365,53.98799828,2016
S3638,111.0386111,29.6544444,2012
S1932,30.73944444,-1.881666667,2018
S4851,-155.3046194,19.8333267,2017
S6419,-3.468333333,57.00694444,2012
S4759,-155.3176528,19.8207917,2017
S2618,-71.63416667,42.52444444,2015
S1900,108.7977778,18.48027778,2018
S5224,9.460072222,48.4587139,2011
S4089,110.2907,37.4586,2010
S2518,110.3036111,22.64055556,2018
S3240,-155.3170028,19.8208167,2017
S7425,-72.1875,42.4836111,2016
S1321,35.38583333,-1.6025,2018
S1509,108.7977778,18.48027778,2018
S5036,9.460072222,48.4587139,2011
S1084,-6.529697222,5.014222222,2012
S3350,-119.099106,56.24936834,2016
S3641,26.205,-33.48916667,2016
S1761,108.1666667,34.35,2015
S6784,-155.3261611,19.8219194,2017
S1985,126.8425,45.845556,2014
S6227,-155.3176528,19.8207917,2017
S2500,112.29,35.2,2016
S5827,-155.3010472,19.8330056,2017
S2201,116.9172633,28.2448664,2014
S2602,-2.833333,37.4,2011
S5553,-116.375,33.65055556,2019
S4409,-155.3070028,19.8329472,2017
S5287,106.2369,35.6899,2010
S1839,-61.74472222,16.18555556,2018
S5897,-119.69187,54.81258,2016
S5893,9.460072222,48.4587139,2011
S2630,108.066667,34.283333,2016
S1889,-73.37,45.72,2011
S5825,-155.3263889,19.82154722,2017
S1380,115.50631,33.22105,2015
S2632,115.71,29.28,2018
S6726,-155.3046194,19.8330333,2017
S1534,29.18606667,-25.99536667,2017
S1930,119.93831,36.61856,2015
S4151,-155.3170028,19.8208167,2017
S4037,126.8425,45.845556,2014
S7372,-64.185914,-31.560943,2015
S6768,-155.3170028,19.8208167,2017
S5507,-118.671365,53.98799828,2016
S7457,-119.99912,54.66892,2016
S994,121.4348,45.5688,2010
S4471,-116.593305,54.20218352,2016
S1593,-87.19333333,21.21,2010
S2481,111.9218,40.7757,2010
S2428,105.4794444,24.75805556,2018
S2648,115.56705,33.25602,2015
S4927,-155.3251139,19.82215833,2017
S4202,-155.3099972,19.8326083,2017
S6413,-119.69187,54.81258,2016
S5163,4.93656,50.84995,2018
S5985,-155.3176528,19.8207917,2017
S2284,-64.185656,-31.560563,2015
S2527,-6.695,32.02361111,2015
S3527,119.4425,30.32166667,2012
S1818,4.96052,50.86117,2018
S4318,9.460072222,48.4587139,2011
S1179,110.6186111,19.59666667,2018
S2492,104.8676,36.9917,2010
S4171,-155.3251139,19.82215833,2017
S5923,-155.3010472,19.8330056,2017
S6031,2.886666667,49.40805556,2018
S3032,19.927419,60.347128,2015
S1357,-155.3010472,19.8330056,2017
S6733,-155.3046194,19.8333267,2017
S6754,-155.3102889,19.8328028,2017
S4390,-155.3070028,19.8329472,2017
S4291,20.165811,60.074156,2015
S3436,-155.3159722,19.8209611,2017
S3161,126.8425,45.845556,2014
S6149,111.0394444,29.6544444,2012
S4542,-155.3251139,19.82215833,2017
S6866,-107.6833333,50.3,2011
S2571,116.2833333,42.0333333,2010
S5774,90.91111111,68.96305556,2018
S2014,126.8425,45.845556,2014
S1045,3.01889,39.83495,2018
S3581,111.94426,32.52209,2015
S7506,-73.37,45.72,2011
S4222,34.45741,-18.934019,2014
S897,-6.502172222,6.130641667,2012
S4179,19.789131,60.365367,2015
S2997,-155.3070028,19.8329472,2017
S5217,-155.3099972,19.8326083,2017
S2836,-64.185425,-31.560315,2015
S6242,-119.969482,54.63433142,2016
S5687,-117.970426,54.58351057,2016
S6052,9.335833333,0.576666667,2018
S3004,111.8742908,26.7603897,2014
S5225,27.2624,58.2986,2009
S1674,19.789175,60.364769,2015
S1386,-73.37,45.72,2011
S1060,118.2438,40.9322,2010
S6229,-155.3159722,19.8209611,2017
S2835,9.460072222,48.4587139,2011
S1446,20.275511,60.130228,2015
S6442,-119.680605,54.81207452,2016
S5617,-119.097777,56.26112706,2016
S2200,114.85628,37.80311,2015
S4096,-117.970426,54.58351057,2016
S7673,-117.325814,53.42042705,2016
S3380,19.800431,60.334725,2015
S3241,-155.3170028,19.8208167,2017
S5420,4.98766,50.87272,2018
S3215,111.0502778,29.6677778,2012
S4855,-119.099106,56.24936834,2016
S4159,-155.3010472,19.8330056,2017
S2528,-113.35,48.4666667,NA_
S5586,-117.725821,53.9446358,2016
S1981,110.4,22.70916667,2018
S3498,-155.3159722,19.8209611,2017
S1267,112.53,23.17,2015
S4130,-155.3159722,19.8209611,2017
S3029,-87.3513,20.4445,2013
S3533,112.53,23.17,2015
S4027,-79.8434,9.110057,2012
S5237,-66.96666667,18.14472222,2018
S1154,112.29,35.2,2016
S3242,-155.3102889,19.8328028,2017
S2719,-73.37,45.72,2011
S5346,19.540514,60.218036,2015
S2272,-113.35,48.4666667,NA_
S2656,-155.3170028,19.8208167,2017
S2788,9.460072222,48.4587139,2011
S2050,-73.37,45.72,2011
S1054,-6.716216667,4.762894444,2012
S2042,115.72,29.29,2018
S4172,-155.3251139,19.82215833,2017
S1233,-155.3102889,19.8328028,2017
S5339,-117.970426,54.58351057,2016
S3917,-155.3176528,19.8207917,2017
S1872,-155.3176528,19.8207917,2017
S3433,-155.3102889,19.8328028,2017
S4374,-155.3010472,19.8330056,2017
S5575,-155.3070028,19.8329472,2017
S4030,-155.3099972,19.8326083,2017
S6782,-155.3170028,19.8208167,2017
S1398,34.19967,-19.0001,2014
S6794,137.94,49.31833333,2016
S6217,-107.6833333,50.3,2011
S3667,-155.3102889,19.8328028,2017
S5596,-155.3263889,19.82154722,2017
S2549,105.6712,35.5484,2010
S4174,-155.3261611,19.8219194,2017
S2597,20.275306,60.130364,2015
S910,115.72,29.29,2018
S5436,-107.6833333,50.3,2012
S3580,108.066667,34.283333,2015
S4036,-86.21666667,39.24333333,2011
S5857,27.2624,58.2986,2009
S1980,102.3127778,2.981944444,2012
S3429,27.2624,58.2986,2009
S2560,109.6545,38.5521,2010
S2538,106.5066667,24.05666667,2018
S5417,-87.3501,20.4443,2013
S3210,-113.35,48.4666667,NA_
S2268,110.5319444,19.95,2018
S7535,-117.325814,53.42042705,2016
S3051,108.9766667,18.46111111,2018
S3703,10.417922,51.271275,2011
S2106,119.45,42.46,2015
S3418,95.18,40.21,2015
S1826,-155.3159722,19.8209611,2017
S2881,108.7997222,18.54888889,2018
S5926,-155.3102889,19.8328028,2017
S4101,-117.970426,54.58351057,2016
S4699,-149.5991667,68.62305556,2012
S2459,3.01889,39.83495,2018
S4740,9.460072222,48.4587139,2011
S1758,108.066667,34.283333,2016
S1005,-6.514708333,5.248472222,2012
S4776,117.4289,40.8484,2010
S1050,-47.55694444,-14.79194444,2016
S974,-6.484205556,6.133586111,2012
S3509,-155.3251139,19.82215833,2017
S1041,-6.534483333,5.849863889,2012
S2623,108.715,18.62583333,2018
S908,115.72,29.29,2018
S2216,-113.35,48.4666667,NA_
S3704,10.405344,50.971664,2011
S4322,9.460072222,48.4587139,2011
S4659,-73.37,45.72,2011
S2777,35.11194444,31.34444444,2019
S1067,3.01889,39.83495,2018
S2077,3.01889,39.83495,2018
S3489,-155.3102889,19.8328028,2017
S1125,-6.543955556,5.020102778,2012
S1381,113.354,34.84568,2015
S7047,-155.3170028,19.8208167,2017
S3980,9.64,34.38,2014
S5531,19.671547,60.213056,2015
S4684,-119.680605,54.81207452,2016
S1650,108.066667,34.283333,2016
S3825,-64.185601,-31.56004,2015
S4288,9.460072222,48.4587139,2011
S6041,-155.3251139,19.82215833,2017
S2262,110.1369444,23.25555556,2018
S2805,126.8425,45.845556,2014
S2541,104.6513889,51.38583333,2018
S2258,120.01272,36.69275,2015
S3833,145.4363889,-16.24111111,2014
S2767,10.92888889,-1.8025,2018
S2280,112.29,35.1,2016
S1223,4.904111,50.865687,2018
S1952,111.0502778,29.6677778,2012
S4403,-118.762735,54.51051497,2016
S7460,-2.833333,37.4,2011
S1316,111.94426,32.52209,2015
S4243,-155.3159722,19.8209611,2017
S5480,-155.3102889,19.8328028,2017
S4173,-155.3261611,19.8219194,2017
S2975,-61.34,15.375,2018
S2887,111.0369444,29.6566667,2012
S5787,-155.3046194,19.8330333,2017
S6717,34.45741,-18.934019,2014
S6574,-107.6833333,50.3,2012
S3074,-87.3484,20.443,2013
S5856,-119.99912,54.66892,2016
S3490,-155.3263889,19.82154722,2017
S7481,-73.37,45.72,2011
S1394,20.164211,60.074031,2015
S1976,34.362,-18.9713333,2014
S2458,112.29,35.1,2016
S4884,-155.3176528,19.8207917,2017
S5727,-155.3261611,19.8219194,2017
S5319,17.92861111,-30.08444444,2018
S4393,-155.3070028,19.8329472,2017
S1298,126.1166667,47.93333333,2017
S2795,105.4794444,24.75805556,2018
S4438,124.7,43.5,2017
S1087,111.1031,39.7674,2010
S2499,112.9956,40.9957,2010
S3780,-155.3251139,19.82215833,2017
S5686,-155.3176528,19.8207917,2017
S1666,98.39138889,8.039166667,2017
S7651,-73.37,45.72,2011
S1106,-6.543275,5.020241667,2012
S4249,-155.3261611,19.8219194,2017
S2246,-73.37,45.72,2011
S2015,-64.208686,-31.575274,2015
S4653,-155.3099972,19.8326083,2017
S7451,-117.968734,54.58128419,2016
S3105,-155.3251139,19.82215833,2017
S2752,-155.3159722,19.8209611,2017
S1127,-6.648880556,5.600663889,2012
S7326,-113.35,48.4666667,NA_
S6253,-116.966739,53.32204872,2016
S6448,-116.60558,54.2374,2016
S6740,-155.3263889,19.82154722,2017
S6558,-155.3099972,19.8326083,2017
S1262,-73.37,45.72,2011
S6197,-155.3070028,19.8329472,2017
S4156,-155.3263889,19.82154722,2017
S4126,-155.3263889,19.82154722,2017
S972,-5.852272222,6.165175,2012
S2563,10.405344,50.971664,2011
S5542,19.543269,60.235711,2015
S1160,24.92805556,35.18111111,2014
S4319,9.460072222,48.4587139,2011
S2867,19.927425,60.347133,2015
S3476,125.4333333,43.78333333,2017
S6762,-155.3159722,19.8209611,2017
S4869,-73.37,45.72,2011
S4703,-119.69187,54.81258,2016
S2895,-73.37,45.72,2011
S6713,119.4818633,29.0308,2014
S5691,109.4553,36.0356,2010
S2129,110.3758333,22.66472222,2018
S1936,108.066667,34.283333,2016
S1218,-6.484097222,6.1321,2012
S7229,-73.37,45.72,2011
S4157,-155.3261611,19.8219194,2017
S2776,9.460072222,48.4587139,2011
S6461,-118.665309,53.99518206,2016
S3421,116.2833333,42.0333333,2011
S4209,10.417922,51.271275,2011
S3988,-155.3102889,19.8328028,2017
S1538,4.96303,50.86246,2018
S1611,-113.35,48.4666667,NA_
S4364,-155.3170028,19.8208167,2017
S3511,-155.3010472,19.8330056,2017
S2215,-73.37,45.72,2011
S4117,-155.3251139,19.82215833,2017
S4619,115.3978,41.2675,2010
S3417,107.63,40.55,2015
S7348,-119.99912,54.66892,2016
S1181,110.5319444,19.95,2018
S995,106.6630556,23.89861111,2018
S5018,-155.3046194,19.8333267,2017
S6735,-155.3251139,19.82215833,2017
S7531,24.03361111,68.06333333,2012
S2239,110.2907,37.4586,2010
S4774,16.17,48.25,2015
S998,-155.3263889,19.82154722,2017
S1279,115.50656,33.29347,2015
S3042,20.165792,60.074161,2015
S7140,130.9980556,-12.70138889,2011
S5563,9.460072222,48.4587139,2011
S1864,3.01889,39.83495,2018
S3082,110.1408333,23.16444444,2018
S2285,4.9779,50.85897,2018
S2288,9.460072222,48.4587139,2011
S7470,-113.35,48.4666667,NA_
S1820,112.53,23.17,2015
S6228,-155.3176528,19.8207917,2017
S1721,-64.94055556,-32.76888889,2007
S2860,117.03585,35.03821,2015
S1264,111.8739992,26.7612853,2014
S3435,-155.3176528,19.8207917,2017
S5035,111.0369444,29.6566667,2012
S4238,34.375167,-18.9413833,2014
S1964,4.98661,50.871172,2018
S4336,-64.185601,-31.56004,2015
S4624,34.3957,-18.889181,2014
S2930,116.9327689,28.2142783,2014
S4038,126.8425,45.845556,2014
S4061,76.98361111,43.13166667,2018
S1630,121.0663889,-29.66,2018
S4571,-155.3099972,19.8326083,2017
S1265,115.71,29.28,2018
S3419,107.41,35.12,2013
S1069,133.8755556,-23.76694444,2010
S3779,-155.3261611,19.8219194,2017
S6556,-155.3102889,19.8328028,2017
S6910,-155.3159722,19.8209611,2017
S1190,115.60347,33.30233,2015
S2964,-155.3170028,19.8208167,2017
S914,-6.647372222,5.600933333,2012
S4888,-155.3170028,19.8208167,2017
S6615,-155.3070028,19.8329472,2017
S2039,-87.3505,20.4447,2013
S2128,4.90409,50.86578,2018
S3720,25.49888889,-18.07166667,2013
S4785,106.9,39.51,2015
S2588,20.268553,60.140622,2015
S4575,-118.762735,54.51051497,2016
S1483,101.17,21.57777778,2014
S2900,108.7997222,18.54888889,2018
S990,-5.85215,6.164452778,2012
S2317,9.460072222,48.4587139,2011
S2520,110.6186111,19.59666667,2018
S6107,-2.833333,37.4,2011
S2179,9.460072222,48.4587139,2011
S4602,127.1833333,46.6,2017
S2871,-155.3046194,19.8333267,2017
S2419,111.8710811,26.7598911,2014
S6594,9.460072222,48.4587139,2011
S7504,-116.593305,54.20218352,2016
S3359,-156.03845,20.7991861,2010
S5616,-117.325814,53.42042705,2016
S7279,-155.3176528,19.8207917,2017
S2979,9.460072222,48.4587139,2011
S6759,-155.3046194,19.8333267,2017
S6004,27.2624,58.2986,2009
S2988,9.460072222,48.4587139,2011
S2811,4.97488,50.86627,2018
S5010,39.45694444,51.91055556,2012
S2267,109.0697222,19.4825,2018
S4845,-155.3070028,19.8329472,2017
S5099,11.45361111,0.819722222,2018
S4746,4.98762,50.87278,2018
S3716,115.8218,40.8524,2010
S1197,109.4961111,18.28472222,2018
S4110,126.8425,45.845556,2014
S4625,34.3957,-18.889181,2014
S923,-6.502575,6.1304,2012
S2245,-73.37,45.72,2011
S928,116.9377106,28.2102244,2014
S4963,-73.37,45.72,2011
S2687,145.5994444,-17.02305556,2012
S886,-6.652775,5.595761111,2012
S7025,-155.3046194,19.8333267,2017
S5675,-155.3070028,19.8329472,2017
S1700,29.18593333,-25.99931667,2017
S5855,-155.3102889,19.8328028,2017
S1294,30.67861111,-1.701944444,2018
S2325,9.460072222,48.4587139,2011
S2212,9.460072222,48.4587139,2011
S1597,109.4094444,18.33138889,2018
S5842,9.64,34.74,2014
S3560,37.57138889,-0.050833333,2017
S1569,112.53,23.17,2015
S3496,-155.3251139,19.82215833,2017
S979,111.8695575,26.7627964,2014
S2166,108.066667,34.283333,2015
S1352,-155.3046194,19.8330333,2017
S5806,-155.3159722,19.8209611,2017
S4620,119.5609,42.6067,2010
S2864,-155.3263889,19.82154722,2017
S5380,9.460072222,48.4587139,2011
S1049,29.18953333,-26.00176667,2017
S4004,34.22525,-19.0067333,2014
S2374,10.405344,50.971664,2011
S6211,-155.3046194,19.8330333,2017
S7356,-155.3046194,19.8333267,2017
S3680,9.460072222,48.4587139,2011
S7097,27.2624,58.2986,2009
S2735,-87.2093,21.2103,2013
S6355,-117.734429,53.93828319,2016
S2175,9.460072222,48.4587139,2011
S1090,126.1166667,47.93333333,2017
S1471,117.07359,35.06678,2015
S3954,19.800422,60.334725,2015
S1834,16.87583333,60.2775,2018
S1842,29.19861111,-2.480833333,2018
S5479,-155.3251139,19.82215833,2017
S2743,19.543156,60.235483,2015
S5283,20.2683,60.140756,2015
S4777,4.98676,50.87565,2018
S3957,-155.3176528,19.8207917,2017
S3326,34.19967,-19.0001,2014
S1460,116.99994,35.00517,2015
S986,-5.846402778,6.154569444,2012
S5481,-155.3102889,19.8328028,2017
S2944,-73.37,45.72,2011
S1346,110.4,22.70916667,2018
S4480,37.57,54.86361111,2018
S4119,-155.3046194,19.8330333,2017
S1436,16.45972222,56.53888889,2010
S7569,-119.099106,56.24936834,2016
S7385,-156.03845,20.7991861,2010
S6341,16.89194444,61.14666667,2013
S3557,-113.35,48.4666667,NA_
S2605,106.6630556,23.89861111,2018
S944,-6.504855556,5.255608333,2012
S5710,-69.8975,-4.008611111,2012
S7085,34.37243,-18.9478833,2014
S2465,111.9218,40.7757,2010
S3512,-155.3176528,19.8207917,2017
S6345,-117.725821,53.9446358,2016
S1988,127.5833333,47.68333333,2017
S2801,9.460072222,48.4587139,2011
S1802,-107.6833333,50.3,2011
S1128,-117.2491667,33.53194444,2019
S6226,-155.3170028,19.8208167,2017
S2376,9.460072222,48.4587139,2011
S7110,80.42361111,6.417777778,2012
S4897,-107.6833333,50.3,2011
S5921,-155.3170028,19.8208167,2017
S2372,-73.37,45.72,2011
S4106,-89.1725,19.95833333,2015
S3252,-37.48333333,-11.66472222,2018
S7288,-117.325814,53.42042705,2016
S2194,116.2833333,42.0333333,2010
S4264,-155.3263889,19.82154722,2017
S1778,20.275514,60.130225,2015
S2766,115.71,29.28,2018
S1182,110.4,22.70916667,2018
S4893,-118.762735,54.51051497,2016
S6666,-117.725821,53.9446358,2016
S2181,45.36416667,-22.56638889,2010
S2736,4.96274,50.86261,2018
S3437,-155.3159722,19.8209611,2017
S1332,112.53,23.17,2015
S4175,-155.3010472,19.8330056,2017
S3005,114.27039,33.36182,2015
S1869,-39.19277778,-8.455833333,2018
S1080,29.18716667,-25.999917,2017
S1782,19.543256,60.235711,2015
S1243,-87.3486,20.4436,2013
S3387,111.0244444,29.6425,2012
S4068,113.34479,34.88979,2015
S2202,112.5388264,23.1793786,2014
S7776,-51.5925,64.20166667,2017
S6359,-116.966739,53.32204872,2016
S3642,-117.970426,54.58351057,2016
S997,29.18801667,-25.99396667,2017
S1941,108.066667,34.283333,2016
S3334,9.460072222,48.4587139,2011
S6305,-119.097777,56.26112706,2016
S4205,119.1878,41.1428,2010
S2657,146.12,-19.01916667,2014
S2348,9.460072222,48.4587139,2011
S4491,-155.3261611,19.8219194,2017
S2845,4.93619,50.85123,2018
S2671,110.1,23.07916667,2018
S5221,-116.593305,54.20218352,2016
S4229,127.5833333,47.68333333,2017
S7121,-107.6833333,50.3,2011
S6022,27.2624,58.2986,2009
S1961,112.53,23.17,2015
S1847,4.99042,50.88746,2018
S2091,110.1369444,23.25555556,2018
S5275,19.543219,60.2355,2015
S1544,-64.185425,-31.560315,2015
S2290,9.460072222,48.4587139,2011
S2741,-87.3499,20.4441,2013
S3515,-155.3070028,19.8329472,2017
S1105,24.36194444,-17.55944444,2019
S5585,-155.3070028,19.8329472,2017
S5394,-116.593305,54.20218352,2016
S4155,-155.3251139,19.82215833,2017
S6293,-116.966739,53.32204872,2016
S1331,4.99017,50.87242,2018
S1142,115.72,29.29,2018
S1592,-87.2089,21.2102,2013
S5895,-119.099106,56.24936834,2016
S1745,-105.8008333,35.77388889,2015
S4094,-117.970426,54.58351057,2016
S3453,9.460072222,48.4587139,2011
S3281,34.19967,-19.0001,2014
S4668,101.2,37.616667,2011
S1401,-73.37,45.72,2011
S1161,56.09777778,53.555,2018
S2646,9.58,34.49,2014
S4236,-155.3261611,19.8219194,2017
S1670,111.89003,32.52867,2015
S5760,4.93629,50.85095,2018
S4011,-156.03845,20.7991861,2010
S3430,-64.185897,-31.559813,2015
S2353,9.460072222,48.4587139,2011
S7328,-119.097777,56.26112706,2016
S6370,-116.966739,53.32204872,2016
S3832,89.34055556,26.65888889,2018
S1949,115.71,29.28,2018
S4241,-82.2175,8.760833333,2012
S898,111.0386111,29.6544444,2012
S3750,8.2675,50.14111111,2012
S4197,34.41057,-18.884006,2014
S1437,-9.654166667,31.51361111,2015
S2999,3.01889,39.83495,2018
S4739,-155.3010472,19.8330056,2017
S3636,19.539233,60.218297,2015
S980,-6.530744444,5.013608333,2012
S6337,-118.042189,54.55991094,2016
S2235,92.775,11.89083333,2015
S5963,9.460072222,48.4587139,2011
S6710,-155.3251139,19.82215833,2017
S4411,-65.81666667,18.31666667,2011
S4878,27.2624,58.2986,2009
S5887,-117.970426,54.58351057,2016
S1305,121.3047,46.5728,2010
S4281,119.4960572,29.0283261,2014
S3520,-155.3261611,19.8219194,2017
S7388,25.74333333,45.90222222,2014
S3190,116.99994,35.00517,2015
S2304,9.460072222,48.4587139,2011
S7255,-2.833333,37.4,2011
S7133,37.28805556,-0.1675,2017
S2023,117.5436,41.9577,2010
S3798,-155.3046194,19.8330333,2017
S2349,9.460072222,48.4587139,2011
S1870,29.1975,-26.00846667,2017
S1545,4.936449,50.851184,2018
S4274,27.81638889,55.57861111,2017
S4071,23.50277778,-19.9475,2019
S4735,-155.3010472,19.8330056,2017
S3491,-155.3261611,19.8219194,2017
S3823,-155.3251139,19.82215833,2017
S1273,19.927444,60.346778,2015
S6744,-155.3251139,19.82215833,2017
S1759,117.62931,37.00356,2015
S3713,-64.208686,-31.575274,2015
S4059,-118.762735,54.51051497,2016
S1747,111.8845108,26.7565039,2014
S4940,9.460072222,48.4587139,2011
S2074,9.460072222,48.4587139,2011
S1375,29.1965,-26.00793333,2017
S1304,126.8425,45.845556,2014
S4326,9.460072222,48.4587139,2011
S4308,34.3764,-18.928533,2014
S6183,-116.593305,54.20218352,2016
S2426,109.892,36.7461,2010
S1443,29.20118333,-26.00901667,2017
S2722,120.7122,42.9398,2010
S1451,112.53,23.17,2015
S4167,-155.3251139,19.82215833,2017
S3501,-155.3170028,19.8208167,2017
S4246,40.86583333,-2.3025,2018
S3504,-155.3176528,19.8207917,2017
S6743,-155.3102889,19.8328028,2017
S3785,116.2833333,42.0333333,2011
S5254,106.3887,36.6687,2010
S2449,114.326,41.0846,2010
S971,112.53,23.17,2015
S4365,-155.3176528,19.8207917,2017
S7031,27.2624,58.2986,2009
S3700,119.5947147,29.0078889,2014
S2421,4.93623,50.85126,2018
S5089,20.164331,60.074047,2015
S2555,121.3047,46.5728,2010
S6691,-119.99912,54.66892,2016
S1353,-155.3046194,19.8333267,2017
S2943,9.460072222,48.4587139,2011
S1336,109.4927778,21.99583333,2018
S7697,-2.833333,37.4,2011
S1646,115.72,29.29,2018
S2197,115.71,29.28,2018
S3920,147.3486111,-9.444722222,2011
S5415,34.41057,-18.884006,2014
S1355,-155.3046194,19.8333267,2017
S982,-73.37,45.72,2011
S4543,-155.3263889,19.82154722,2017
S6943,-155.3251139,19.82215833,2017
S2976,114.17215,33.42341,2015
S3537,9.460072222,48.4587139,2011
S993,115.04183,36.23006,2015
S7267,-155.3176528,19.8207917,2017
S2000,115.3978,41.2675,2010
S5999,27.2624,58.2986,2009
S2443,109.3211,36.9715,2010
S5207,-5.002222222,33.52138889,2014
S4626,34.45098,-18.937819,2014
S4056,-117.970426,54.58351057,2016
S7528,-2.833333,37.4,2011
S6840,108.8386,37.6043,2010
S4158,-155.3099972,19.8326083,2017
S4087,-113.35,48.4666667,NA_
S3045,9.460072222,48.4587139,2011
S5306,110.2791667,19.9025,2018
S4885,-155.3010472,19.8330056,2017
S4634,-107.6833333,50.3,2012
S7482,-73.37,45.72,2011
S1372,116.9109775,28.2519628,2014
S2990,119.93744,36.68844,2015
S4672,-155.3170028,19.8208167,2017
S5410,107.2189,37.7721,2010
S2596,4.98546,50.87591,2018
S2897,89.86805556,27.50027778,2018
S3877,9.460072222,48.4587139,2011
S3110,109.6545,38.5521,2010
S5666,-155.3046194,19.8333267,2017
S6497,-117.968734,54.58128419,2016
S4397,-155.3099972,19.8326083,2017
S2187,4.97514,50.86605,2018
S3122,-73.37,45.72,2011
S1888,-73.37,45.72,2011
S2007,23.56916667,58.58527778,2018
S1953,117.67639,36.98427,2015
S2252,119.45,42.46,2015
S3237,111.0166667,29.6336111,2012
S3101,126.0333333,44.86666667,2017
S2389,127.1833333,46.6,2017
S1454,-75.43111111,39.93361111,2018
S2992,-73.37,45.72,2011
S3506,-155.3176528,19.8207917,2017
S2196,-155.3099972,19.8326083,2017
S6746,-155.3046194,19.8333267,2017
S5754,-2.978055556,35.21916667,2014
S4357,19.539225,60.218303,2015
S7367,-118.486189,54.15963738,2016
S5013,-71.55138889,-41.08305556,2012
S3881,-155.3010472,19.8330056,2017
S6823,27.2624,58.2986,2009
S3862,102.8264,36.353,2010
S3514,-155.3070028,19.8329472,2017
S4277,127.65,46.95,2017
S4368,-155.3070028,19.8329472,2017
S6140,-119.099106,56.24936834,2016
S2307,9.460072222,48.4587139,2011
S2775,-64.93444444,-23.91861111,2013
S6925,-2.833333,37.4,2011
S1907,20.164208,60.074022,2015
S4359,-155.3261611,19.8219194,2017
S6897,34.45741,-18.934019,2014
S1391,20.163806,60.074064,2015
S3022,124.7,43.5,2017
S7303,-155.3176528,19.8207917,2017
S5366,124.7,43.5,2017
S2780,132.9458333,43.37638889,2010
S1043,3.01889,39.83495,2018
S4664,-156.03845,20.7991861,2010
S4019,19.924203,60.344758,2015
S1677,-63.51805556,-18.16916667,2018
S3923,-9.000555556,38.46972222,2012
S1418,34.183483,-19.01925,2014
S7310,-72.1875,42.4836111,2016
S7284,-155.3102889,19.8328028,2017
S3108,19.594153,60.235536,2015
S3588,119.6189275,29.0213653,2014
S3206,107.41,35.12,2013
S6777,-155.3010472,19.8330056,2017
S3795,103.5514,10.5736,2020
S4136,-155.3263889,19.82154722,2017
S4446,119.5928286,29.0034703,2014
S1744,-6.713638889,4.764219444,2012
S1136,112.28,35.2,2016
S6537,-99.36805556,19.28222222,2018
S4741,20.268314,60.140756,2015
S948,19.924189,60.344736,2015
S5079,8.586111111,45.76944444,2019
S4301,114.22539,33.37315,2015
S6749,-155.3070028,19.8329472,2017
S3192,34.22525,-19.0067333,2014
S4026,-79.8434,9.110057,2012
S4366,-155.3261611,19.8219194,2017
S4257,126.8425,45.845556,2014
S4237,-158.1794444,21.3525,2017
S2040,4.98599,50.87578,2018
S3583,117.07334,35.00309,2015
S1982,109.4927778,21.99583333,2018
S1178,110.1997222,19.75972222,2018
S1377,115.50631,33.22105,2015
S3177,-155.3251139,19.82215833,2017
S3324,-155.3261611,19.8219194,2017
S3221,-84.59916667,10.22111111,2013
S4093,-117.968734,54.58128419,2016
S7618,-155.3159722,19.8209611,2017
S5824,110.1475,54.36638889,2016
S2584,-117.968734,54.58128419,2016
S4121,-155.3263889,19.82154722,2017
S2939,116.9320697,28.2089483,2014
S1967,34.19967,-19.0001,2014
S3582,114.83136,37.76644,2015
S7466,-155.3046194,19.8333267,2017
S6054,34.3957,-18.889181,2014
S6751,-155.3170028,19.8208167,2017
S4533,-73.37,45.72,2011
S3305,51.57333333,30.73222222,2012
S5907,-155.3046194,19.8330333,2017
S1815,18.42583333,-33.98111111,2016
S6636,-155.3263889,19.82154722,2017
S1457,119.5934392,29.0018711,2014
S2058,56.14611111,53.62944444,2018
S3653,-155.3099972,19.8326083,2017
S977,-5.859869444,6.135433333,2012
S2402,108.7977778,18.48027778,2018
S4459,19.928056,60.346506,2015
S4445,34.19967,-19.0001,2014
S889,-5.852558333,6.131147222,2012
S3916,-155.3176528,19.8207917,2017
S4262,-155.3070028,19.8329472,2017
S4402,27.2624,58.2986,2009
S5187,9.460072222,48.4587139,2011
S5633,-155.3102889,19.8328028,2017
S4166,-155.3102889,19.8328028,2017
S5981,-117.33073,53.8039,2016
S1801,126.8333333,48.33333333,2017
S6796,-155.3099972,19.8326083,2017
S2081,9.460072222,48.4587139,2011
S2264,110.6186111,19.59666667,2018
S4896,-155.3261611,19.8219194,2017
S2464,103.9577,36.3664,2010
S3393,128.2188889,26.71972222,2012
S3606,-113.35,48.4666667,NA_
S2381,9.460072222,48.4587139,2011
S887,-6.716727778,4.762780556,2012
S6800,-155.3251139,19.82215833,2017
S969,-5.8605,6.135627778,2012
S6820,27.2624,58.2986,2009
S4892,-117.325814,53.42042705,2016
S1978,19.594114,60.235483,2015
S1793,19.671508,60.213014,2015
S4025,-73.37,45.72,2011
S7211,42.65055556,11.76666667,2018
S1058,-87.2121,21.2102,2013
S6962,-113.35,48.4666667,NA_
S2031,-64.185656,-31.560563,2015
S4109,-155.3099972,19.8326083,2017
S1637,109.4927778,21.99583333,2018
S2403,-82.20638889,39.42638889,2018
S6493,-119.099106,56.24936834,2016
S2153,109.4094444,18.33138889,2018
S3337,-118.042189,54.55991094,2016
S2370,119.4823967,29.0300258,2014
S1348,-87.1921,21.2105,2013
S1235,79.56888889,29.42055556,2018
S1885,109.1894444,22.41388889,2018
S5388,10.405344,50.971664,2011
S3134,114.829,37.83464,2015
S4632,73.79666667,71.02222222,2018
S1061,112.53,23.17,2015
S5786,-155.3102889,19.8328028,2017
S4260,20.276169,60.130247,2015
S4853,-116.593305,54.20218352,2016
S7162,-155.3046194,19.8330333,2017
S4623,9.460072222,48.4587139,2011
S3007,-117.968734,54.58128419,2016
S2255,106.5066667,24.05666667,2018
S5712,-155.3170028,19.8208167,2017
S3915,19.671514,60.213008,2015
S4150,-155.3046194,19.8330333,2017
S2675,125.4333333,43.78333333,2017
S5634,10.405344,50.971664,2011
S5261,-155.3102889,19.8328028,2017
S1835,111.8732203,26.7599853,2014
S1971,34.362,-18.9713333,2014
S5411,118.2227,42.1321,2010
S2191,-73.37,45.72,2011
S3239,121.4348,45.5688,2010
S4994,-155.3099972,19.8326083,2017
S3717,114.5184,40.1842,2010
S4381,4.98774,50.87258,2018
S3494,-155.3170028,19.8208167,2017
S3149,111.8684886,26.7618803,2014
S2724,109.5333333,19.47361111,2018
S5577,-155.3159722,19.8209611,2017
S5518,10.405344,50.971664,2011
S2186,4.960124,50.861043,2018
S5156,4.90455,50.86576,2018
S5684,-119.680605,54.81207452,2016
S5983,-119.097777,56.26112706,2016
S4294,19.540508,60.217978,2015
S4371,-155.3176528,19.8207917,2017
S6657,-117.33073,53.8039,2016
S4022,-73.37,45.72,2011
S1628,112.29,35.1,2016
S3596,105.911,36.4494,2010
S5347,27.2624,58.2986,2009
S1234,3.01889,39.83495,2018
S3675,106.2413889,24.28666667,2018
S1134,108.1666667,34.35,2015
S1407,29.1869,-25.99933333,2017
S1141,108.1666667,34.35,2015
S3320,-64.185656,-31.560563,2015
S1925,29.18601667,-25.99355,2017
S7445,-155.3010472,19.8330056,2017
S1875,41.69944444,43.44805556,2018
S6755,-155.3263889,19.82154722,2017
S1601,3.01889,39.83495,2018
S4593,-155.3251139,19.82215833,2017
S1312,-113.35,48.4666667,NA_
S3516,-155.3170028,19.8208167,2017
S3127,-156.03845,20.7991861,2011
S1975,34.362,-18.9713333,2014
S2757,102.3103,35.9628,2010
S4546,-73.37,45.72,2011
S3816,120.7122,42.9398,2010
S1222,111.91027,32.54168,2015
S1003,-6.647630556,5.602497222,2012
S4124,-155.3251139,19.82215833,2017
S1584,20.276164,60.130253,2015
S3245,-155.3263889,19.82154722,2017
S2062,99.17583333,20.01972222,2014
S3591,-67.09138889,-29.96972222,2018
S2830,19.789125,60.365367,2015
S2093,114.8905,37.76742,2015
S3870,12.33083333,56.04666667,2014
S7143,-138.2783333,61.21305556,2015
S2875,91.10305556,26.48138889,2018
S7649,27.2624,58.2986,2009
S6770,-155.3046194,19.8330333,2017
S3236,-156.03845,20.7991861,2010
S4570,-155.3261611,19.8219194,2017
S3620,-155.3170028,19.8208167,2017
S6826,27.2624,58.2986,2009
S4489,19.47555556,67.85583333,2013
S3991,-155.3010472,19.8330056,2017
S4078,9.460072222,48.4587139,2011
S6100,-155.3070028,19.8329472,2017
S6098,-73.37,45.72,2011
S2695,116.9171606,28.2383994,2014
S6075,-155.3251139,19.82215833,2017
S3971,112.53,23.17,2015
S7513,-16.50305556,28.35861111,2017
S7346,27.2624,58.2986,2009
S915,-5.852880556,6.131311111,2012
S1811,-73.37,45.72,2011
S7594,168.0808333,-45.60083333,2012
S2339,9.460072222,48.4587139,2011
S5653,-69.99555556,-4.038333333,2017
S4079,-155.3159722,19.8209611,2017
S4297,55.66444444,37.35388889,2017
S1388,112.53,23.17,2015
S2358,4.98986,50.87208,2018
S6797,-155.3251139,19.82215833,2017
S1163,-113.35,48.4666667,NA_
S2146,24.92861111,54.81944444,2011
S1383,29.19711667,-26.00883333,2017
S1399,112.53,23.17,2015
S5654,91.60583333,25.35694444,2018
S2048,107.41,35.12,2013
S1651,115.72,29.29,2018
S4883,-155.3099972,19.8326083,2017
S2345,9.460072222,48.4587139,2011
S2649,106.6372222,23.9925,2018
S1704,20.268492,60.140667,2015
S6002,27.2624,58.2986,2009
S6006,27.2624,58.2986,2009
S4309,9.460072222,48.4587139,2011
S3218,9.460072222,48.4587139,2011
S2925,116.9003592,28.2618372,2014
S2553,103.4687,35.4489,2010
S4490,-117.325814,53.42042705,2016
S1242,29.1856,-25.99836667,2017
S5437,-73.37,45.72,2011
S1317,120.8445,44.5567,2010
S3301,34.362,-18.9713333,2014
S1484,112.0577,39.0587,2010
S2758,19.594139,60.235544,2015
S1665,29.19083333,-26.0018,2017
S4405,-116.921555,53.33712817,2016
S2340,9.460072222,48.4587139,2011
S3106,-155.3251139,19.82215833,2017
S5882,52.82416667,36.21194444,2012
S895,-5.847105556,6.155075,2012
S6756,-155.3010472,19.8330056,2017
S6285,-117.33073,53.8039,2016
S1676,-87.1924,21.2102,2013
S5464,-155.3102889,19.8328028,2017
S2673,19.671547,60.213053,2015
S5110,-113.35,48.4666667,NA_
S5277,111.0244444,29.6425,2012
S4392,-155.3261611,19.8219194,2017
S7767,-3.5131,40.2731,2018
S3019,116.9356942,28.2086564,2014
S1479,9.460072222,48.4587139,2011
S3854,4.9608,50.861,2018
S3323,-155.3010472,19.8330056,2017
S1827,-72.1875,42.4836111,2016
S1957,114.005,-0.058611111,2013
S3861,107.8088,37.5287,2010
S1866,106.6372222,23.9925,2018
S2680,32.40416667,34.77611111,2020
S3513,-155.3010472,19.8330056,2017
S1360,116.9821,35.06384,2015
S3065,-87.2085,21.2102,2013
S5986,20.268303,60.140758,2015
S4259,109.4553,36.0356,2010
S3263,-107.6833333,50.3,2011
S1415,110.3758333,22.66472222,2018
S991,-6.485544444,6.132433333,2012
S6613,-155.3099972,19.8326083,2017
S6194,-155.3263889,19.82154722,2017
S3587,112.5408164,23.1704575,2014
S4169,-155.3261611,19.8219194,2017
S3399,-155.3263889,19.82154722,2017
S6600,-155.3263889,19.82154722,2017
S4823,107.41,35.12,2013
S1249,104.7513889,17.39361111,2019
S1473,117.67639,36.98427,2015
S4195,18.30138889,57.62555556,2015
S3068,10.417922,51.271275,2011
S891,-63.95194444,-32.60472222,2013
S2131,3.01889,39.83495,2018
S2113,105.4775,24.80888889,2018
S1300,113.39421,34.88881,2015
S5284,141.1705556,39.88416667,2010
S1973,37.41222222,-6.926944444,2018
S6698,-72.1875,42.4836111,2016
S1837,115.6072222,-31.35583333,2018
S2036,106.2413889,24.28666667,2018
S2550,104.6977,35.4102,2010
S5552,-155.3102889,19.8328028,2017
S6533,-117.325814,53.42042705,2016
S2786,-155.3070028,19.8329472,2017
S5334,116.283,42.033,2010
S4714,-155.3251139,19.82215833,2017
S3300,4.98759,50.87284,2018
S7679,-118.486189,54.15963738,2016
S3289,-79.8434,9.110057,2012
S2483,111.8683933,26.7614961,2014
S6940,-155.3046194,19.8330333,2017
S4052,-73.37,45.72,2011
S2986,-115.5391667,35.97055556,2015
S3737,-73.37,45.72,2011
S3781,-155.3251139,19.82215833,2017
S5572,-155.3099972,19.8326083,2017
S4695,116.2833333,42.0333333,2010
S2998,116.283,42.033,2010
S1301,126.8333333,48.33333333,2017
S4170,-155.3170028,19.8208167,2017
S3562,114.85628,37.80311,2015
S1983,112.53,23.17,2015
S5373,113.354,34.84568,2015
S4164,-155.3263889,19.82154722,2017
S7055,21.57083333,69.89055556,2012
S4757,-155.3010472,19.8330056,2017
S5612,-87.3523,20.4441,2013
S7168,-107.6833333,50.3,2012
S3936,-155.3263889,19.82154722,2017
S5595,-155.3170028,19.8208167,2017
S5728,-119.099106,56.24936834,2016
S3510,-155.3010472,19.8330056,2017
S3938,9.460072222,48.4587139,2011
S6091,-117.968734,54.58128419,2016
S3265,-155.3010472,19.8330056,2017
S3275,-73.37,45.72,2011
S1884,115.62792,33.22595,2015
S1915,-111.5561111,53.08416667,2018
S5704,-72.11305556,-0.562777778,2012
S5097,34.183483,-19.01925,2014
S3495,-155.3261611,19.8219194,2017
S5533,-155.3070028,19.8329472,2017
S7467,27.2624,58.2986,2009
S1858,3.01889,39.83495,2018
S2484,-155.3070028,19.8329472,2017
S2679,18.32722222,68.42222222,2010
S2063,111.8746928,26.7610792,2014
S1970,34.183483,-19.01925,2014
S2843,117.5436,41.9577,2010
S2351,9.460072222,48.4587139,2011
S3586,111.8742908,26.7603897,2014
S1914,72.20611111,35.55861111,2015
S6109,-155.3263889,19.82154722,2017
S4850,-119.097777,56.26112706,2016
S2697,118.2761417,32.2758433,2015
S6780,-155.3099972,19.8326083,2017
S6376,-118.60254,53.87838,2016
S5642,111.0394444,29.6544444,2012
S6848,-117.725821,53.9446358,2016
S3711,-156.03845,20.7991861,2010
S7217,-107.6833333,50.3,2011
S3729,-73.37,45.72,2011
S1979,-155.3159722,19.8209611,2017
S2723,52.90083333,36.30388889,2012
S5072,-155.3010472,19.8330056,2017
S3448,9.460072222,48.4587139,2011
S3599,116.2833333,42.0333333,2011
S1369,-87.3486,20.4438,2013
S5475,9.460072222,48.4587139,2011
S6941,-155.3176528,19.8207917,2017
S1486,-87.2039,21.2103,2013
S1845,19.928058,60.346497,2015
S2115,76.80111,11.40222,2020
S6788,-155.3010472,19.8330056,2017
S6758,-155.3046194,19.8333267,2017
S2265,109.0697222,19.4825,2018
S4396,-155.3046194,19.8333267,2017
S1059,9.460072222,48.4587139,2011
S3777,-155.3263889,19.82154722,2017
S2977,113.39588,34.81651,2015
S6000,27.2624,58.2986,2009
S3500,-155.3159722,19.8209611,2017
S3060,4.93626,50.85106,2018
S2273,-64.185897,-31.559813,2015
S4092,-119.097777,56.26112706,2016
S1371,-66.34416667,-17.58138889,2018
S3677,105.4775,24.80888889,2018
S7254,-2.833333,37.4,2011
S4293,9.460072222,48.4587139,2011
S973,21.59138889,-21.91888889,2019
S6792,-155.3102889,19.8328028,2017
S5444,19.539261,60.218447,2015
S7237,-155.3170028,19.8208167,2017
S6642,37.35861111,-3.361944444,2016
S1570,-52.21,4.554166667,2007
S2515,101.2,37.616667,2011
S5519,177.8722222,64.69666667,2018
S4755,-155.3070028,19.8329472,2017
S6010,27.2624,58.2986,2009
S4738,9.460072222,48.4587139,2011
S2865,-155.3251139,19.82215833,2017
S2293,9.460072222,48.4587139,2011
S2558,104.8676,36.9917,2010
S1712,19.594128,60.235489,2015
S2622,115.71,29.28,2018
S3261,-107.6833333,50.3,2011
S4131,-155.3046194,19.8330333,2017
S1236,29.18601667,-25.99628333,2017
S7300,-39.89111111,-18.09972222,2018
S3531,-155.3170028,19.8208167,2017
S5536,-155.3070028,19.8329472,2017
S5868,10.417922,51.271275,2011
S6779,-155.3170028,19.8208167,2017
S2461,4.986316,50.87137,2018
S1216,-16.22472222,28.54027778,2017
S5761,4.97775,50.85949,2018
S3204,108.066667,34.283333,2016
S3071,4.99096,50.88655,2018
S1062,-87.3502,20.4448,2013
